year,source,metric,value_tonnes
1492,castaneda_2013,production_tonnes,NA
1492,castaneda_2013,stock_lower,1009
1492,castaneda_2013,stock_upper,1275
1493,castaneda_2013,production_tonnes,5.8
1493,castaneda_2013,stock_lower,1014.8
1493,castaneda_2013,stock_upper,1280.8
1494,castaneda_2013,production_tonnes,5.8
1494,castaneda_2013,stock_lower,1020.6
1494,castaneda_2013,stock_upper,1286.6
1495,castaneda_2013,production_tonnes,5.8
1495,castaneda_2013,stock_lower,1026.4
1495,castaneda_2013,stock_upper,1292.4
1496,castaneda_2013,production_tonnes,5.8
1496,castaneda_2013,stock_lower,1032.2
1496,castaneda_2013,stock_upper,1298.2
1497,castaneda_2013,production_tonnes,5.8
1497,castaneda_2013,stock_lower,1038
1497,castaneda_2013,stock_upper,1304
1498,castaneda_2013,production_tonnes,5.8
1498,castaneda_2013,stock_lower,1043.8
1498,castaneda_2013,stock_upper,1309.8
1499,castaneda_2013,production_tonnes,5.8
1499,castaneda_2013,stock_lower,1049.6
1499,castaneda_2013,stock_upper,1315.6
1500,castaneda_2013,production_tonnes,5.8
1500,castaneda_2013,stock_lower,1055.4
1500,castaneda_2013,stock_upper,1321.4
1501,castaneda_2013,production_tonnes,5.8
1501,castaneda_2013,stock_lower,1061.2
1501,castaneda_2013,stock_upper,1327.2
1502,castaneda_2013,production_tonnes,5.8
1502,castaneda_2013,stock_lower,1067
1502,castaneda_2013,stock_upper,1333
1503,castaneda_2013,production_tonnes,5.8
1503,castaneda_2013,stock_lower,1072.8
1503,castaneda_2013,stock_upper,1338.8
1504,castaneda_2013,production_tonnes,5.8
1504,castaneda_2013,stock_lower,1078.6
1504,castaneda_2013,stock_upper,1344.6
1505,castaneda_2013,production_tonnes,5.8
1505,castaneda_2013,stock_lower,1084.4
1505,castaneda_2013,stock_upper,1350.4
1506,castaneda_2013,production_tonnes,5.8
1506,castaneda_2013,stock_lower,1090.2
1506,castaneda_2013,stock_upper,1356.2
1507,castaneda_2013,production_tonnes,5.8
1507,castaneda_2013,stock_lower,1096
1507,castaneda_2013,stock_upper,1362
1508,castaneda_2013,production_tonnes,5.8
1508,castaneda_2013,stock_lower,1101.8
1508,castaneda_2013,stock_upper,1367.8
1509,castaneda_2013,production_tonnes,5.8
1509,castaneda_2013,stock_lower,1107.6
1509,castaneda_2013,stock_upper,1373.6
1510,castaneda_2013,production_tonnes,5.8
1510,castaneda_2013,stock_lower,1113.4
1510,castaneda_2013,stock_upper,1379.4
1511,castaneda_2013,production_tonnes,5.8
1511,castaneda_2013,stock_lower,1119.2
1511,castaneda_2013,stock_upper,1385.2
1512,castaneda_2013,production_tonnes,5.8
1512,castaneda_2013,stock_lower,1125
1512,castaneda_2013,stock_upper,1391
1513,castaneda_2013,production_tonnes,5.8
1513,castaneda_2013,stock_lower,1130.8
1513,castaneda_2013,stock_upper,1396.8
1514,castaneda_2013,production_tonnes,5.8
1514,castaneda_2013,stock_lower,1136.6
1514,castaneda_2013,stock_upper,1402.6
1515,castaneda_2013,production_tonnes,5.8
1515,castaneda_2013,stock_lower,1142.4
1515,castaneda_2013,stock_upper,1408.4
1516,castaneda_2013,production_tonnes,5.8
1516,castaneda_2013,stock_lower,1148.2
1516,castaneda_2013,stock_upper,1414.2
1517,castaneda_2013,production_tonnes,5.8
1517,castaneda_2013,stock_lower,1154
1517,castaneda_2013,stock_upper,1420
1518,castaneda_2013,production_tonnes,5.8
1518,castaneda_2013,stock_lower,1159.8
1518,castaneda_2013,stock_upper,1425.8
1519,castaneda_2013,production_tonnes,5.8
1519,castaneda_2013,stock_lower,1165.6
1519,castaneda_2013,stock_upper,1431.6
1520,castaneda_2013,production_tonnes,5.8
1520,castaneda_2013,stock_lower,1171.4
1520,castaneda_2013,stock_upper,1437.4
1521,castaneda_2013,production_tonnes,7.16
1521,castaneda_2013,stock_lower,1178.56
1521,castaneda_2013,stock_upper,1444.6
1522,castaneda_2013,production_tonnes,7.16
1522,castaneda_2013,stock_lower,1185.72
1522,castaneda_2013,stock_upper,1451.7
1523,castaneda_2013,production_tonnes,7.16
1523,castaneda_2013,stock_lower,1192.88
1523,castaneda_2013,stock_upper,1458.9
1524,castaneda_2013,production_tonnes,7.16
1524,castaneda_2013,stock_lower,1200.04
1524,castaneda_2013,stock_upper,1466
1525,castaneda_2013,production_tonnes,7.16
1525,castaneda_2013,stock_lower,1207.2
1525,castaneda_2013,stock_upper,1473.2
1526,castaneda_2013,production_tonnes,7.16
1526,castaneda_2013,stock_lower,1214.36
1526,castaneda_2013,stock_upper,1480.4
1527,castaneda_2013,production_tonnes,7.16
1527,castaneda_2013,stock_lower,1221.52
1527,castaneda_2013,stock_upper,1487.5
1528,castaneda_2013,production_tonnes,7.16
1528,castaneda_2013,stock_lower,1228.68
1528,castaneda_2013,stock_upper,1494.7
1529,castaneda_2013,production_tonnes,7.16
1529,castaneda_2013,stock_lower,1235.84
1529,castaneda_2013,stock_upper,1501.8
1530,castaneda_2013,production_tonnes,7.16
1530,castaneda_2013,stock_lower,1243
1530,castaneda_2013,stock_upper,1509
1531,castaneda_2013,production_tonnes,7.16
1531,castaneda_2013,stock_lower,1250.16
1531,castaneda_2013,stock_upper,1516.2
1532,castaneda_2013,production_tonnes,7.16
1532,castaneda_2013,stock_lower,1257.32
1532,castaneda_2013,stock_upper,1523.3
1533,castaneda_2013,production_tonnes,7.16
1533,castaneda_2013,stock_lower,1264.48
1533,castaneda_2013,stock_upper,1530.5
1534,castaneda_2013,production_tonnes,7.16
1534,castaneda_2013,stock_lower,1271.64
1534,castaneda_2013,stock_upper,1537.6
1535,castaneda_2013,production_tonnes,7.16
1535,castaneda_2013,stock_lower,1278.8
1535,castaneda_2013,stock_upper,1544.8
1536,castaneda_2013,production_tonnes,7.16
1536,castaneda_2013,stock_lower,1285.96
1536,castaneda_2013,stock_upper,1552
1537,castaneda_2013,production_tonnes,7.16
1537,castaneda_2013,stock_lower,1293.12
1537,castaneda_2013,stock_upper,1559.1
1538,castaneda_2013,production_tonnes,7.16
1538,castaneda_2013,stock_lower,1300.28
1538,castaneda_2013,stock_upper,1566.3
1539,castaneda_2013,production_tonnes,7.16
1539,castaneda_2013,stock_lower,1307.44
1539,castaneda_2013,stock_upper,1573.4
1540,castaneda_2013,production_tonnes,7.16
1540,castaneda_2013,stock_lower,1314.6
1540,castaneda_2013,stock_upper,1580.6
1541,castaneda_2013,production_tonnes,7.16
1541,castaneda_2013,stock_lower,1321.76
1541,castaneda_2013,stock_upper,1587.8
1542,castaneda_2013,production_tonnes,7.16
1542,castaneda_2013,stock_lower,1328.92
1542,castaneda_2013,stock_upper,1594.9
1543,castaneda_2013,production_tonnes,7.16
1543,castaneda_2013,stock_lower,1336.08
1543,castaneda_2013,stock_upper,1602.1
1544,castaneda_2013,production_tonnes,7.16
1544,castaneda_2013,stock_lower,1343.24
1544,castaneda_2013,stock_upper,1609.2
1545,castaneda_2013,production_tonnes,8.5
1545,castaneda_2013,stock_lower,1351.74
1545,castaneda_2013,stock_upper,1617.7
1546,castaneda_2013,production_tonnes,8.5
1546,castaneda_2013,stock_lower,1360.23
1546,castaneda_2013,stock_upper,1626.2
1547,castaneda_2013,production_tonnes,8.5
1547,castaneda_2013,stock_lower,1368.73
1547,castaneda_2013,stock_upper,1634.7
1548,castaneda_2013,production_tonnes,8.5
1548,castaneda_2013,stock_lower,1377.23
1548,castaneda_2013,stock_upper,1643.2
1549,castaneda_2013,production_tonnes,8.5
1549,castaneda_2013,stock_lower,1385.73
1549,castaneda_2013,stock_upper,1651.7
1550,castaneda_2013,production_tonnes,8.5
1550,castaneda_2013,stock_lower,1394.22
1550,castaneda_2013,stock_upper,1660.2
1551,castaneda_2013,production_tonnes,8.5
1551,castaneda_2013,stock_lower,1402.72
1551,castaneda_2013,stock_upper,1668.7
1552,castaneda_2013,production_tonnes,8.5
1552,castaneda_2013,stock_lower,1411.22
1552,castaneda_2013,stock_upper,1677.2
1553,castaneda_2013,production_tonnes,8.5
1553,castaneda_2013,stock_lower,1419.72
1553,castaneda_2013,stock_upper,1685.7
1554,castaneda_2013,production_tonnes,8.5
1554,castaneda_2013,stock_lower,1428.21
1554,castaneda_2013,stock_upper,1694.2
1555,castaneda_2013,production_tonnes,8.5
1555,castaneda_2013,stock_lower,1436.71
1555,castaneda_2013,stock_upper,1702.7
1556,castaneda_2013,production_tonnes,8.5
1556,castaneda_2013,stock_lower,1445.21
1556,castaneda_2013,stock_upper,1711.2
1557,castaneda_2013,production_tonnes,8.5
1557,castaneda_2013,stock_lower,1453.71
1557,castaneda_2013,stock_upper,1719.7
1558,castaneda_2013,production_tonnes,8.5
1558,castaneda_2013,stock_lower,1462.2
1558,castaneda_2013,stock_upper,1728.2
1559,castaneda_2013,production_tonnes,8.5
1559,castaneda_2013,stock_lower,1470.7
1559,castaneda_2013,stock_upper,1736.7
1560,castaneda_2013,production_tonnes,8.5
1560,castaneda_2013,stock_lower,1479.2
1560,castaneda_2013,stock_upper,1745.2
1561,castaneda_2013,production_tonnes,6.84
1561,castaneda_2013,stock_lower,1486.04
1561,castaneda_2013,stock_upper,1752
1562,castaneda_2013,production_tonnes,6.84
1562,castaneda_2013,stock_lower,1492.88
1562,castaneda_2013,stock_upper,1758.9
1563,castaneda_2013,production_tonnes,6.84
1563,castaneda_2013,stock_lower,1499.72
1563,castaneda_2013,stock_upper,1765.7
1564,castaneda_2013,production_tonnes,6.84
1564,castaneda_2013,stock_lower,1506.56
1564,castaneda_2013,stock_upper,1772.6
1565,castaneda_2013,production_tonnes,6.84
1565,castaneda_2013,stock_lower,1513.4
1565,castaneda_2013,stock_upper,1779.4
1566,castaneda_2013,production_tonnes,6.84
1566,castaneda_2013,stock_lower,1520.24
1566,castaneda_2013,stock_upper,1786.2
1567,castaneda_2013,production_tonnes,6.84
1567,castaneda_2013,stock_lower,1527.08
1567,castaneda_2013,stock_upper,1793.1
1568,castaneda_2013,production_tonnes,6.84
1568,castaneda_2013,stock_lower,1533.92
1568,castaneda_2013,stock_upper,1799.9
1569,castaneda_2013,production_tonnes,6.84
1569,castaneda_2013,stock_lower,1540.76
1569,castaneda_2013,stock_upper,1806.8
1570,castaneda_2013,production_tonnes,6.84
1570,castaneda_2013,stock_lower,1547.6
1570,castaneda_2013,stock_upper,1813.6
1571,castaneda_2013,production_tonnes,6.84
1571,castaneda_2013,stock_lower,1554.44
1571,castaneda_2013,stock_upper,1820.4
1572,castaneda_2013,production_tonnes,6.84
1572,castaneda_2013,stock_lower,1561.28
1572,castaneda_2013,stock_upper,1827.3
1573,castaneda_2013,production_tonnes,6.84
1573,castaneda_2013,stock_lower,1568.12
1573,castaneda_2013,stock_upper,1834.1
1574,castaneda_2013,production_tonnes,6.84
1574,castaneda_2013,stock_lower,1574.96
1574,castaneda_2013,stock_upper,1841
1575,castaneda_2013,production_tonnes,6.84
1575,castaneda_2013,stock_lower,1581.8
1575,castaneda_2013,stock_upper,1847.8
1576,castaneda_2013,production_tonnes,6.84
1576,castaneda_2013,stock_lower,1588.64
1576,castaneda_2013,stock_upper,1854.6
1577,castaneda_2013,production_tonnes,6.84
1577,castaneda_2013,stock_lower,1595.48
1577,castaneda_2013,stock_upper,1861.5
1578,castaneda_2013,production_tonnes,6.84
1578,castaneda_2013,stock_lower,1602.32
1578,castaneda_2013,stock_upper,1868.3
1579,castaneda_2013,production_tonnes,6.84
1579,castaneda_2013,stock_lower,1609.16
1579,castaneda_2013,stock_upper,1875.2
1580,castaneda_2013,production_tonnes,6.84
1580,castaneda_2013,stock_lower,1616
1580,castaneda_2013,stock_upper,1882
1581,castaneda_2013,production_tonnes,7.38
1581,castaneda_2013,stock_lower,1623.38
1581,castaneda_2013,stock_upper,1889.4
1582,castaneda_2013,production_tonnes,7.38
1582,castaneda_2013,stock_lower,1630.76
1582,castaneda_2013,stock_upper,1896.8
1583,castaneda_2013,production_tonnes,7.38
1583,castaneda_2013,stock_lower,1638.14
1583,castaneda_2013,stock_upper,1904.1
1584,castaneda_2013,production_tonnes,7.38
1584,castaneda_2013,stock_lower,1645.52
1584,castaneda_2013,stock_upper,1911.5
1585,castaneda_2013,production_tonnes,7.38
1585,castaneda_2013,stock_lower,1652.9
1585,castaneda_2013,stock_upper,1918.9
1586,castaneda_2013,production_tonnes,7.38
1586,castaneda_2013,stock_lower,1660.28
1586,castaneda_2013,stock_upper,1926.3
1587,castaneda_2013,production_tonnes,7.38
1587,castaneda_2013,stock_lower,1667.66
1587,castaneda_2013,stock_upper,1933.7
1588,castaneda_2013,production_tonnes,7.38
1588,castaneda_2013,stock_lower,1675.04
1588,castaneda_2013,stock_upper,1941
1589,castaneda_2013,production_tonnes,7.38
1589,castaneda_2013,stock_lower,1682.42
1589,castaneda_2013,stock_upper,1948.4
1590,castaneda_2013,production_tonnes,7.38
1590,castaneda_2013,stock_lower,1689.8
1590,castaneda_2013,stock_upper,1955.8
1591,castaneda_2013,production_tonnes,7.38
1591,castaneda_2013,stock_lower,1697.18
1591,castaneda_2013,stock_upper,1963.2
1592,castaneda_2013,production_tonnes,7.38
1592,castaneda_2013,stock_lower,1704.56
1592,castaneda_2013,stock_upper,1970.6
1593,castaneda_2013,production_tonnes,7.38
1593,castaneda_2013,stock_lower,1711.94
1593,castaneda_2013,stock_upper,1977.9
1594,castaneda_2013,production_tonnes,7.38
1594,castaneda_2013,stock_lower,1719.32
1594,castaneda_2013,stock_upper,1985.3
1595,castaneda_2013,production_tonnes,7.38
1595,castaneda_2013,stock_lower,1726.7
1595,castaneda_2013,stock_upper,1992.7
1596,castaneda_2013,production_tonnes,7.38
1596,castaneda_2013,stock_lower,1734.08
1596,castaneda_2013,stock_upper,2000.1
1597,castaneda_2013,production_tonnes,7.38
1597,castaneda_2013,stock_lower,1741.46
1597,castaneda_2013,stock_upper,2007.5
1598,castaneda_2013,production_tonnes,7.38
1598,castaneda_2013,stock_lower,1748.84
1598,castaneda_2013,stock_upper,2014.8
1599,castaneda_2013,production_tonnes,7.38
1599,castaneda_2013,stock_lower,1756.22
1599,castaneda_2013,stock_upper,2022.2
1600,castaneda_2013,production_tonnes,7.38
1600,castaneda_2013,stock_lower,1763.6
1600,castaneda_2013,stock_upper,2029.6
1601,castaneda_2013,production_tonnes,8.52
1601,castaneda_2013,stock_lower,1772.12
1601,castaneda_2013,stock_upper,2038.1
1602,castaneda_2013,production_tonnes,8.52
1602,castaneda_2013,stock_lower,1780.64
1602,castaneda_2013,stock_upper,2046.6
1603,castaneda_2013,production_tonnes,8.52
1603,castaneda_2013,stock_lower,1789.16
1603,castaneda_2013,stock_upper,2055.2
1604,castaneda_2013,production_tonnes,8.52
1604,castaneda_2013,stock_lower,1797.68
1604,castaneda_2013,stock_upper,2063.7
1605,castaneda_2013,production_tonnes,8.52
1605,castaneda_2013,stock_lower,1806.2
1605,castaneda_2013,stock_upper,2072.2
1606,castaneda_2013,production_tonnes,8.52
1606,castaneda_2013,stock_lower,1814.72
1606,castaneda_2013,stock_upper,2080.7
1607,castaneda_2013,production_tonnes,8.52
1607,castaneda_2013,stock_lower,1823.24
1607,castaneda_2013,stock_upper,2089.2
1608,castaneda_2013,production_tonnes,8.52
1608,castaneda_2013,stock_lower,1831.76
1608,castaneda_2013,stock_upper,2097.8
1609,castaneda_2013,production_tonnes,8.52
1609,castaneda_2013,stock_lower,1840.28
1609,castaneda_2013,stock_upper,2106.3
1610,castaneda_2013,production_tonnes,8.52
1610,castaneda_2013,stock_lower,1848.8
1610,castaneda_2013,stock_upper,2114.8
1611,castaneda_2013,production_tonnes,8.52
1611,castaneda_2013,stock_lower,1857.32
1611,castaneda_2013,stock_upper,2123.3
1612,castaneda_2013,production_tonnes,8.52
1612,castaneda_2013,stock_lower,1865.84
1612,castaneda_2013,stock_upper,2131.8
1613,castaneda_2013,production_tonnes,8.52
1613,castaneda_2013,stock_lower,1874.36
1613,castaneda_2013,stock_upper,2140.4
1614,castaneda_2013,production_tonnes,8.52
1614,castaneda_2013,stock_lower,1882.88
1614,castaneda_2013,stock_upper,2148.9
1615,castaneda_2013,production_tonnes,8.52
1615,castaneda_2013,stock_lower,1891.4
1615,castaneda_2013,stock_upper,2157.4
1616,castaneda_2013,production_tonnes,8.52
1616,castaneda_2013,stock_lower,1899.92
1616,castaneda_2013,stock_upper,2165.9
1617,castaneda_2013,production_tonnes,8.52
1617,castaneda_2013,stock_lower,1908.44
1617,castaneda_2013,stock_upper,2174.4
1618,castaneda_2013,production_tonnes,8.52
1618,castaneda_2013,stock_lower,1916.96
1618,castaneda_2013,stock_upper,2183
1619,castaneda_2013,production_tonnes,8.52
1619,castaneda_2013,stock_lower,1925.48
1619,castaneda_2013,stock_upper,2191.5
1620,castaneda_2013,production_tonnes,8.52
1620,castaneda_2013,stock_lower,1934
1620,castaneda_2013,stock_upper,2200
1621,castaneda_2013,production_tonnes,8.3
1621,castaneda_2013,stock_lower,1942.3
1621,castaneda_2013,stock_upper,2208.3
1622,castaneda_2013,production_tonnes,8.3
1622,castaneda_2013,stock_lower,1950.6
1622,castaneda_2013,stock_upper,2216.6
1623,castaneda_2013,production_tonnes,8.3
1623,castaneda_2013,stock_lower,1958.9
1623,castaneda_2013,stock_upper,2224.9
1624,castaneda_2013,production_tonnes,8.3
1624,castaneda_2013,stock_lower,1967.2
1624,castaneda_2013,stock_upper,2233.2
1625,castaneda_2013,production_tonnes,8.3
1625,castaneda_2013,stock_lower,1975.5
1625,castaneda_2013,stock_upper,2241.5
1626,castaneda_2013,production_tonnes,8.3
1626,castaneda_2013,stock_lower,1983.8
1626,castaneda_2013,stock_upper,2249.8
1627,castaneda_2013,production_tonnes,8.3
1627,castaneda_2013,stock_lower,1992.1
1627,castaneda_2013,stock_upper,2258.1
1628,castaneda_2013,production_tonnes,8.3
1628,castaneda_2013,stock_lower,2000.4
1628,castaneda_2013,stock_upper,2266.4
1629,castaneda_2013,production_tonnes,8.3
1629,castaneda_2013,stock_lower,2008.7
1629,castaneda_2013,stock_upper,2274.7
1630,castaneda_2013,production_tonnes,8.3
1630,castaneda_2013,stock_lower,2017
1630,castaneda_2013,stock_upper,2283
1631,castaneda_2013,production_tonnes,8.3
1631,castaneda_2013,stock_lower,2025.3
1631,castaneda_2013,stock_upper,2291.3
1632,castaneda_2013,production_tonnes,8.3
1632,castaneda_2013,stock_lower,2033.6
1632,castaneda_2013,stock_upper,2299.6
1633,castaneda_2013,production_tonnes,8.3
1633,castaneda_2013,stock_lower,2041.9
1633,castaneda_2013,stock_upper,2307.9
1634,castaneda_2013,production_tonnes,8.3
1634,castaneda_2013,stock_lower,2050.2
1634,castaneda_2013,stock_upper,2316.2
1635,castaneda_2013,production_tonnes,8.3
1635,castaneda_2013,stock_lower,2058.5
1635,castaneda_2013,stock_upper,2324.5
1636,castaneda_2013,production_tonnes,8.3
1636,castaneda_2013,stock_lower,2066.8
1636,castaneda_2013,stock_upper,2332.8
1637,castaneda_2013,production_tonnes,8.3
1637,castaneda_2013,stock_lower,2075.1
1637,castaneda_2013,stock_upper,2341.1
1638,castaneda_2013,production_tonnes,8.3
1638,castaneda_2013,stock_lower,2083.4
1638,castaneda_2013,stock_upper,2349.4
1639,castaneda_2013,production_tonnes,8.3
1639,castaneda_2013,stock_lower,2091.7
1639,castaneda_2013,stock_upper,2357.7
1640,castaneda_2013,production_tonnes,8.3
1640,castaneda_2013,stock_lower,2100
1640,castaneda_2013,stock_upper,2366
1641,castaneda_2013,production_tonnes,8.77
1641,castaneda_2013,stock_lower,2108.77
1641,castaneda_2013,stock_upper,2374.8
1642,castaneda_2013,production_tonnes,8.77
1642,castaneda_2013,stock_lower,2117.54
1642,castaneda_2013,stock_upper,2383.5
1643,castaneda_2013,production_tonnes,8.77
1643,castaneda_2013,stock_lower,2126.31
1643,castaneda_2013,stock_upper,2392.3
1644,castaneda_2013,production_tonnes,8.77
1644,castaneda_2013,stock_lower,2135.08
1644,castaneda_2013,stock_upper,2401.1
1645,castaneda_2013,production_tonnes,8.77
1645,castaneda_2013,stock_lower,2143.85
1645,castaneda_2013,stock_upper,2409.8
1646,castaneda_2013,production_tonnes,8.77
1646,castaneda_2013,stock_lower,2152.62
1646,castaneda_2013,stock_upper,2418.6
1647,castaneda_2013,production_tonnes,8.77
1647,castaneda_2013,stock_lower,2161.39
1647,castaneda_2013,stock_upper,2427.4
1648,castaneda_2013,production_tonnes,8.77
1648,castaneda_2013,stock_lower,2170.16
1648,castaneda_2013,stock_upper,2436.2
1649,castaneda_2013,production_tonnes,8.77
1649,castaneda_2013,stock_lower,2178.93
1649,castaneda_2013,stock_upper,2444.9
1650,castaneda_2013,production_tonnes,8.77
1650,castaneda_2013,stock_lower,2187.7
1650,castaneda_2013,stock_upper,2453.7
1651,castaneda_2013,production_tonnes,8.77
1651,castaneda_2013,stock_lower,2196.47
1651,castaneda_2013,stock_upper,2462.5
1652,castaneda_2013,production_tonnes,8.77
1652,castaneda_2013,stock_lower,2205.24
1652,castaneda_2013,stock_upper,2471.2
1653,castaneda_2013,production_tonnes,8.77
1653,castaneda_2013,stock_lower,2214.01
1653,castaneda_2013,stock_upper,2480
1654,castaneda_2013,production_tonnes,8.77
1654,castaneda_2013,stock_lower,2222.78
1654,castaneda_2013,stock_upper,2488.8
1655,castaneda_2013,production_tonnes,8.77
1655,castaneda_2013,stock_lower,2231.55
1655,castaneda_2013,stock_upper,2497.5
1656,castaneda_2013,production_tonnes,8.77
1656,castaneda_2013,stock_lower,2240.32
1656,castaneda_2013,stock_upper,2506.3
1657,castaneda_2013,production_tonnes,8.77
1657,castaneda_2013,stock_lower,2249.09
1657,castaneda_2013,stock_upper,2515.1
1658,castaneda_2013,production_tonnes,8.77
1658,castaneda_2013,stock_lower,2257.86
1658,castaneda_2013,stock_upper,2523.9
1659,castaneda_2013,production_tonnes,8.77
1659,castaneda_2013,stock_lower,2266.63
1659,castaneda_2013,stock_upper,2532.6
1660,castaneda_2013,production_tonnes,8.77
1660,castaneda_2013,stock_lower,2275.4
1660,castaneda_2013,stock_upper,2541.4
1661,castaneda_2013,production_tonnes,9.26
1661,castaneda_2013,stock_lower,2284.66
1661,castaneda_2013,stock_upper,2550.7
1662,castaneda_2013,production_tonnes,9.26
1662,castaneda_2013,stock_lower,2293.92
1662,castaneda_2013,stock_upper,2559.9
1663,castaneda_2013,production_tonnes,9.26
1663,castaneda_2013,stock_lower,2303.18
1663,castaneda_2013,stock_upper,2569.2
1664,castaneda_2013,production_tonnes,9.26
1664,castaneda_2013,stock_lower,2312.44
1664,castaneda_2013,stock_upper,2578.4
1665,castaneda_2013,production_tonnes,9.26
1665,castaneda_2013,stock_lower,2321.7
1665,castaneda_2013,stock_upper,2587.7
1666,castaneda_2013,production_tonnes,9.26
1666,castaneda_2013,stock_lower,2330.96
1666,castaneda_2013,stock_upper,2597
1667,castaneda_2013,production_tonnes,9.26
1667,castaneda_2013,stock_lower,2340.22
1667,castaneda_2013,stock_upper,2606.2
1668,castaneda_2013,production_tonnes,9.26
1668,castaneda_2013,stock_lower,2349.48
1668,castaneda_2013,stock_upper,2615.5
1669,castaneda_2013,production_tonnes,9.26
1669,castaneda_2013,stock_lower,2358.74
1669,castaneda_2013,stock_upper,2624.7
1670,castaneda_2013,production_tonnes,9.26
1670,castaneda_2013,stock_lower,2368
1670,castaneda_2013,stock_upper,2634
1671,castaneda_2013,production_tonnes,9.26
1671,castaneda_2013,stock_lower,2377.26
1671,castaneda_2013,stock_upper,2643.3
1672,castaneda_2013,production_tonnes,9.26
1672,castaneda_2013,stock_lower,2386.52
1672,castaneda_2013,stock_upper,2652.5
1673,castaneda_2013,production_tonnes,9.26
1673,castaneda_2013,stock_lower,2395.78
1673,castaneda_2013,stock_upper,2661.8
1674,castaneda_2013,production_tonnes,9.26
1674,castaneda_2013,stock_lower,2405.04
1674,castaneda_2013,stock_upper,2671
1675,castaneda_2013,production_tonnes,9.26
1675,castaneda_2013,stock_lower,2414.3
1675,castaneda_2013,stock_upper,2680.3
1676,castaneda_2013,production_tonnes,9.26
1676,castaneda_2013,stock_lower,2423.56
1676,castaneda_2013,stock_upper,2689.6
1677,castaneda_2013,production_tonnes,9.26
1677,castaneda_2013,stock_lower,2432.82
1677,castaneda_2013,stock_upper,2698.8
1678,castaneda_2013,production_tonnes,9.26
1678,castaneda_2013,stock_lower,2442.08
1678,castaneda_2013,stock_upper,2708.1
1679,castaneda_2013,production_tonnes,9.26
1679,castaneda_2013,stock_lower,2451.34
1679,castaneda_2013,stock_upper,2717.3
1680,castaneda_2013,production_tonnes,9.26
1680,castaneda_2013,stock_lower,2460.6
1680,castaneda_2013,stock_upper,2726.6
1681,castaneda_2013,production_tonnes,10.76
1681,castaneda_2013,stock_lower,2471.36
1681,castaneda_2013,stock_upper,2737.4
1682,castaneda_2013,production_tonnes,10.76
1682,castaneda_2013,stock_lower,2482.13
1682,castaneda_2013,stock_upper,2748.1
1683,castaneda_2013,production_tonnes,10.76
1683,castaneda_2013,stock_lower,2492.89
1683,castaneda_2013,stock_upper,2758.9
1684,castaneda_2013,production_tonnes,10.76
1684,castaneda_2013,stock_lower,2503.66
1684,castaneda_2013,stock_upper,2769.7
1685,castaneda_2013,production_tonnes,10.76
1685,castaneda_2013,stock_lower,2514.42
1685,castaneda_2013,stock_upper,2780.4
1686,castaneda_2013,production_tonnes,10.76
1686,castaneda_2013,stock_lower,2525.19
1686,castaneda_2013,stock_upper,2791.2
1687,castaneda_2013,production_tonnes,10.76
1687,castaneda_2013,stock_lower,2535.95
1687,castaneda_2013,stock_upper,2802
1688,castaneda_2013,production_tonnes,10.76
1688,castaneda_2013,stock_lower,2546.72
1688,castaneda_2013,stock_upper,2812.7
1689,castaneda_2013,production_tonnes,10.76
1689,castaneda_2013,stock_lower,2557.48
1689,castaneda_2013,stock_upper,2823.5
1690,castaneda_2013,production_tonnes,10.76
1690,castaneda_2013,stock_lower,2568.25
1690,castaneda_2013,stock_upper,2834.2
1691,castaneda_2013,production_tonnes,10.76
1691,castaneda_2013,stock_lower,2579.01
1691,castaneda_2013,stock_upper,2845
1692,castaneda_2013,production_tonnes,10.76
1692,castaneda_2013,stock_lower,2589.78
1692,castaneda_2013,stock_upper,2855.8
1693,castaneda_2013,production_tonnes,10.76
1693,castaneda_2013,stock_lower,2600.54
1693,castaneda_2013,stock_upper,2866.5
1694,castaneda_2013,production_tonnes,10.76
1694,castaneda_2013,stock_lower,2611.31
1694,castaneda_2013,stock_upper,2877.3
1695,castaneda_2013,production_tonnes,10.76
1695,castaneda_2013,stock_lower,2622.07
1695,castaneda_2013,stock_upper,2888.1
1696,castaneda_2013,production_tonnes,10.76
1696,castaneda_2013,stock_lower,2632.84
1696,castaneda_2013,stock_upper,2898.8
1697,castaneda_2013,production_tonnes,10.76
1697,castaneda_2013,stock_lower,2643.6
1697,castaneda_2013,stock_upper,2909.6
1698,castaneda_2013,production_tonnes,10.76
1698,castaneda_2013,stock_lower,2654.37
1698,castaneda_2013,stock_upper,2920.4
1699,castaneda_2013,production_tonnes,10.76
1699,castaneda_2013,stock_lower,2665.13
1699,castaneda_2013,stock_upper,2931.1
1700,castaneda_2013,production_tonnes,10.76
1700,castaneda_2013,stock_lower,2675.9
1700,castaneda_2013,stock_upper,2941.9
1701,castaneda_2013,production_tonnes,12.82
1701,castaneda_2013,stock_lower,2688.72
1701,castaneda_2013,stock_upper,2954.7
1702,castaneda_2013,production_tonnes,12.82
1702,castaneda_2013,stock_lower,2701.54
1702,castaneda_2013,stock_upper,2967.5
1703,castaneda_2013,production_tonnes,12.82
1703,castaneda_2013,stock_lower,2714.36
1703,castaneda_2013,stock_upper,2980.4
1704,castaneda_2013,production_tonnes,12.82
1704,castaneda_2013,stock_lower,2727.18
1704,castaneda_2013,stock_upper,2993.2
1705,castaneda_2013,production_tonnes,12.82
1705,castaneda_2013,stock_lower,2740
1705,castaneda_2013,stock_upper,3006
1706,castaneda_2013,production_tonnes,12.82
1706,castaneda_2013,stock_lower,2752.82
1706,castaneda_2013,stock_upper,3018.8
1707,castaneda_2013,production_tonnes,12.82
1707,castaneda_2013,stock_lower,2765.64
1707,castaneda_2013,stock_upper,3031.6
1708,castaneda_2013,production_tonnes,12.82
1708,castaneda_2013,stock_lower,2778.46
1708,castaneda_2013,stock_upper,3044.5
1709,castaneda_2013,production_tonnes,12.82
1709,castaneda_2013,stock_lower,2791.28
1709,castaneda_2013,stock_upper,3057.3
1710,castaneda_2013,production_tonnes,12.82
1710,castaneda_2013,stock_lower,2804.1
1710,castaneda_2013,stock_upper,3070.1
1711,castaneda_2013,production_tonnes,12.82
1711,castaneda_2013,stock_lower,2816.92
1711,castaneda_2013,stock_upper,3082.9
1712,castaneda_2013,production_tonnes,12.82
1712,castaneda_2013,stock_lower,2829.74
1712,castaneda_2013,stock_upper,3095.7
1713,castaneda_2013,production_tonnes,12.82
1713,castaneda_2013,stock_lower,2842.56
1713,castaneda_2013,stock_upper,3108.6
1714,castaneda_2013,production_tonnes,12.82
1714,castaneda_2013,stock_lower,2855.38
1714,castaneda_2013,stock_upper,3121.4
1715,castaneda_2013,production_tonnes,12.82
1715,castaneda_2013,stock_lower,2868.2
1715,castaneda_2013,stock_upper,3134.2
1716,castaneda_2013,production_tonnes,12.82
1716,castaneda_2013,stock_lower,2881.01
1716,castaneda_2013,stock_upper,3147
1717,castaneda_2013,production_tonnes,12.82
1717,castaneda_2013,stock_lower,2893.83
1717,castaneda_2013,stock_upper,3159.8
1718,castaneda_2013,production_tonnes,12.82
1718,castaneda_2013,stock_lower,2906.65
1718,castaneda_2013,stock_upper,3172.7
1719,castaneda_2013,production_tonnes,12.82
1719,castaneda_2013,stock_lower,2919.47
1719,castaneda_2013,stock_upper,3185.5
1720,castaneda_2013,production_tonnes,12.82
1720,castaneda_2013,stock_lower,2932.29
1720,castaneda_2013,stock_upper,3198.3
1721,castaneda_2013,production_tonnes,19.08
1721,castaneda_2013,stock_lower,2951.37
1721,castaneda_2013,stock_upper,3217.4
1722,castaneda_2013,production_tonnes,19.08
1722,castaneda_2013,stock_lower,2970.45
1722,castaneda_2013,stock_upper,3236.5
1723,castaneda_2013,production_tonnes,19.08
1723,castaneda_2013,stock_lower,2989.53
1723,castaneda_2013,stock_upper,3255.5
1724,castaneda_2013,production_tonnes,19.08
1724,castaneda_2013,stock_lower,3008.61
1724,castaneda_2013,stock_upper,3274.6
1725,castaneda_2013,production_tonnes,19.08
1725,castaneda_2013,stock_lower,3027.69
1725,castaneda_2013,stock_upper,3293.7
1726,castaneda_2013,production_tonnes,19.08
1726,castaneda_2013,stock_lower,3046.77
1726,castaneda_2013,stock_upper,3312.8
1727,castaneda_2013,production_tonnes,19.08
1727,castaneda_2013,stock_lower,3065.85
1727,castaneda_2013,stock_upper,3331.9
1728,castaneda_2013,production_tonnes,19.08
1728,castaneda_2013,stock_lower,3084.93
1728,castaneda_2013,stock_upper,3350.9
1729,castaneda_2013,production_tonnes,19.08
1729,castaneda_2013,stock_lower,3104.01
1729,castaneda_2013,stock_upper,3370
1730,castaneda_2013,production_tonnes,19.08
1730,castaneda_2013,stock_lower,3123.09
1730,castaneda_2013,stock_upper,3389.1
1731,castaneda_2013,production_tonnes,19.08
1731,castaneda_2013,stock_lower,3142.17
1731,castaneda_2013,stock_upper,3408.2
1732,castaneda_2013,production_tonnes,19.08
1732,castaneda_2013,stock_lower,3161.25
1732,castaneda_2013,stock_upper,3427.3
1733,castaneda_2013,production_tonnes,19.08
1733,castaneda_2013,stock_lower,3180.33
1733,castaneda_2013,stock_upper,3446.3
1734,castaneda_2013,production_tonnes,19.08
1734,castaneda_2013,stock_lower,3199.41
1734,castaneda_2013,stock_upper,3465.4
1735,castaneda_2013,production_tonnes,19.08
1735,castaneda_2013,stock_lower,3218.49
1735,castaneda_2013,stock_upper,3484.5
1736,castaneda_2013,production_tonnes,19.08
1736,castaneda_2013,stock_lower,3237.57
1736,castaneda_2013,stock_upper,3503.6
1737,castaneda_2013,production_tonnes,19.08
1737,castaneda_2013,stock_lower,3256.65
1737,castaneda_2013,stock_upper,3522.7
1738,castaneda_2013,production_tonnes,19.08
1738,castaneda_2013,stock_lower,3275.73
1738,castaneda_2013,stock_upper,3541.7
1739,castaneda_2013,production_tonnes,19.08
1739,castaneda_2013,stock_lower,3294.81
1739,castaneda_2013,stock_upper,3560.8
1740,castaneda_2013,production_tonnes,19.08
1740,castaneda_2013,stock_lower,3313.89
1740,castaneda_2013,stock_upper,3579.9
1741,castaneda_2013,production_tonnes,24.61
1741,castaneda_2013,stock_lower,3338.5
1741,castaneda_2013,stock_upper,3604.5
1742,castaneda_2013,production_tonnes,24.61
1742,castaneda_2013,stock_lower,3363.11
1742,castaneda_2013,stock_upper,3629.1
1743,castaneda_2013,production_tonnes,24.61
1743,castaneda_2013,stock_lower,3387.72
1743,castaneda_2013,stock_upper,3653.7
1744,castaneda_2013,production_tonnes,24.61
1744,castaneda_2013,stock_lower,3412.33
1744,castaneda_2013,stock_upper,3678.3
1745,castaneda_2013,production_tonnes,24.61
1745,castaneda_2013,stock_lower,3436.94
1745,castaneda_2013,stock_upper,3702.9
1746,castaneda_2013,production_tonnes,24.61
1746,castaneda_2013,stock_lower,3461.55
1746,castaneda_2013,stock_upper,3727.6
1747,castaneda_2013,production_tonnes,24.61
1747,castaneda_2013,stock_lower,3486.16
1747,castaneda_2013,stock_upper,3752.2
1748,castaneda_2013,production_tonnes,24.61
1748,castaneda_2013,stock_lower,3510.77
1748,castaneda_2013,stock_upper,3776.8
1749,castaneda_2013,production_tonnes,24.61
1749,castaneda_2013,stock_lower,3535.38
1749,castaneda_2013,stock_upper,3801.4
1750,castaneda_2013,production_tonnes,24.61
1750,castaneda_2013,stock_lower,3559.99
1750,castaneda_2013,stock_upper,3826
1751,castaneda_2013,production_tonnes,24.61
1751,castaneda_2013,stock_lower,3584.6
1751,castaneda_2013,stock_upper,3850.6
1752,castaneda_2013,production_tonnes,24.61
1752,castaneda_2013,stock_lower,3609.21
1752,castaneda_2013,stock_upper,3875.2
1753,castaneda_2013,production_tonnes,24.61
1753,castaneda_2013,stock_lower,3633.82
1753,castaneda_2013,stock_upper,3899.8
1754,castaneda_2013,production_tonnes,24.61
1754,castaneda_2013,stock_lower,3658.43
1754,castaneda_2013,stock_upper,3924.4
1755,castaneda_2013,production_tonnes,24.61
1755,castaneda_2013,stock_lower,3683.04
1755,castaneda_2013,stock_upper,3949
1756,castaneda_2013,production_tonnes,24.61
1756,castaneda_2013,stock_lower,3707.65
1756,castaneda_2013,stock_upper,3973.7
1757,castaneda_2013,production_tonnes,24.61
1757,castaneda_2013,stock_lower,3732.26
1757,castaneda_2013,stock_upper,3998.3
1758,castaneda_2013,production_tonnes,24.61
1758,castaneda_2013,stock_lower,3756.87
1758,castaneda_2013,stock_upper,4022.9
1759,castaneda_2013,production_tonnes,24.61
1759,castaneda_2013,stock_lower,3781.48
1759,castaneda_2013,stock_upper,4047.5
1760,castaneda_2013,production_tonnes,24.61
1760,castaneda_2013,stock_lower,3806.09
1760,castaneda_2013,stock_upper,4072.1
1761,castaneda_2013,production_tonnes,20.7
1761,castaneda_2013,stock_lower,3826.8
1761,castaneda_2013,stock_upper,4092.8
1762,castaneda_2013,production_tonnes,20.7
1762,castaneda_2013,stock_lower,3847.5
1762,castaneda_2013,stock_upper,4113.5
1763,castaneda_2013,production_tonnes,20.7
1763,castaneda_2013,stock_lower,3868.21
1763,castaneda_2013,stock_upper,4134.2
1764,castaneda_2013,production_tonnes,20.7
1764,castaneda_2013,stock_lower,3888.91
1764,castaneda_2013,stock_upper,4154.9
1765,castaneda_2013,production_tonnes,20.7
1765,castaneda_2013,stock_lower,3909.62
1765,castaneda_2013,stock_upper,4175.6
1766,castaneda_2013,production_tonnes,20.7
1766,castaneda_2013,stock_lower,3930.32
1766,castaneda_2013,stock_upper,4196.3
1767,castaneda_2013,production_tonnes,20.7
1767,castaneda_2013,stock_lower,3951.03
1767,castaneda_2013,stock_upper,4217
1768,castaneda_2013,production_tonnes,20.7
1768,castaneda_2013,stock_lower,3971.73
1768,castaneda_2013,stock_upper,4237.7
1769,castaneda_2013,production_tonnes,20.7
1769,castaneda_2013,stock_lower,3992.44
1769,castaneda_2013,stock_upper,4258.4
1770,castaneda_2013,production_tonnes,20.7
1770,castaneda_2013,stock_lower,4013.14
1770,castaneda_2013,stock_upper,4279.1
1771,castaneda_2013,production_tonnes,20.7
1771,castaneda_2013,stock_lower,4033.85
1771,castaneda_2013,stock_upper,4299.8
1772,castaneda_2013,production_tonnes,20.7
1772,castaneda_2013,stock_lower,4054.55
1772,castaneda_2013,stock_upper,4320.6
1773,castaneda_2013,production_tonnes,20.7
1773,castaneda_2013,stock_lower,4075.26
1773,castaneda_2013,stock_upper,4341.3
1774,castaneda_2013,production_tonnes,20.7
1774,castaneda_2013,stock_lower,4095.96
1774,castaneda_2013,stock_upper,4362
1775,castaneda_2013,production_tonnes,20.7
1775,castaneda_2013,stock_lower,4116.67
1775,castaneda_2013,stock_upper,4382.7
1776,castaneda_2013,production_tonnes,20.7
1776,castaneda_2013,stock_lower,4137.37
1776,castaneda_2013,stock_upper,4403.4
1777,castaneda_2013,production_tonnes,20.7
1777,castaneda_2013,stock_lower,4158.08
1777,castaneda_2013,stock_upper,4424.1
1778,castaneda_2013,production_tonnes,20.7
1778,castaneda_2013,stock_lower,4178.78
1778,castaneda_2013,stock_upper,4444.8
1779,castaneda_2013,production_tonnes,20.7
1779,castaneda_2013,stock_lower,4199.49
1779,castaneda_2013,stock_upper,4465.5
1780,castaneda_2013,production_tonnes,20.7
1780,castaneda_2013,stock_lower,4220.19
1780,castaneda_2013,stock_upper,4486.2
1781,castaneda_2013,production_tonnes,17.79
1781,castaneda_2013,stock_lower,4237.98
1781,castaneda_2013,stock_upper,4504
1782,castaneda_2013,production_tonnes,17.79
1782,castaneda_2013,stock_lower,4255.77
1782,castaneda_2013,stock_upper,4521.8
1783,castaneda_2013,production_tonnes,17.79
1783,castaneda_2013,stock_lower,4273.56
1783,castaneda_2013,stock_upper,4539.6
1784,castaneda_2013,production_tonnes,17.79
1784,castaneda_2013,stock_lower,4291.35
1784,castaneda_2013,stock_upper,4557.4
1785,castaneda_2013,production_tonnes,17.79
1785,castaneda_2013,stock_lower,4309.14
1785,castaneda_2013,stock_upper,4575.1
1786,castaneda_2013,production_tonnes,17.79
1786,castaneda_2013,stock_lower,4326.93
1786,castaneda_2013,stock_upper,4592.9
1787,castaneda_2013,production_tonnes,17.79
1787,castaneda_2013,stock_lower,4344.72
1787,castaneda_2013,stock_upper,4610.7
1788,castaneda_2013,production_tonnes,17.79
1788,castaneda_2013,stock_lower,4362.51
1788,castaneda_2013,stock_upper,4628.5
1789,castaneda_2013,production_tonnes,17.79
1789,castaneda_2013,stock_lower,4380.3
1789,castaneda_2013,stock_upper,4646.3
1790,castaneda_2013,production_tonnes,17.79
1790,castaneda_2013,stock_lower,4398.09
1790,castaneda_2013,stock_upper,4664.1
1791,castaneda_2013,production_tonnes,17.79
1791,castaneda_2013,stock_lower,4415.88
1791,castaneda_2013,stock_upper,4681.9
1792,castaneda_2013,production_tonnes,17.79
1792,castaneda_2013,stock_lower,4433.67
1792,castaneda_2013,stock_upper,4699.7
1793,castaneda_2013,production_tonnes,17.79
1793,castaneda_2013,stock_lower,4451.46
1793,castaneda_2013,stock_upper,4717.5
1794,castaneda_2013,production_tonnes,17.79
1794,castaneda_2013,stock_lower,4469.25
1794,castaneda_2013,stock_upper,4735.3
1795,castaneda_2013,production_tonnes,17.79
1795,castaneda_2013,stock_lower,4487.04
1795,castaneda_2013,stock_upper,4753
1796,castaneda_2013,production_tonnes,17.79
1796,castaneda_2013,stock_lower,4504.83
1796,castaneda_2013,stock_upper,4770.8
1797,castaneda_2013,production_tonnes,17.79
1797,castaneda_2013,stock_lower,4522.62
1797,castaneda_2013,stock_upper,4788.6
1798,castaneda_2013,production_tonnes,17.79
1798,castaneda_2013,stock_lower,4540.41
1798,castaneda_2013,stock_upper,4806.4
1799,castaneda_2013,production_tonnes,17.79
1799,castaneda_2013,stock_lower,4558.2
1799,castaneda_2013,stock_upper,4824.2
1800,castaneda_2013,production_tonnes,17.79
1800,castaneda_2013,stock_lower,4575.99
1800,castaneda_2013,stock_upper,4842
1801,castaneda_2013,production_tonnes,17.78
1801,castaneda_2013,stock_lower,4593.77
1801,castaneda_2013,stock_upper,4859.8
1802,castaneda_2013,production_tonnes,17.78
1802,castaneda_2013,stock_lower,4611.55
1802,castaneda_2013,stock_upper,4877.5
1803,castaneda_2013,production_tonnes,17.78
1803,castaneda_2013,stock_lower,4629.32
1803,castaneda_2013,stock_upper,4895.3
1804,castaneda_2013,production_tonnes,17.78
1804,castaneda_2013,stock_lower,4647.1
1804,castaneda_2013,stock_upper,4913.1
1805,castaneda_2013,production_tonnes,17.78
1805,castaneda_2013,stock_lower,4664.88
1805,castaneda_2013,stock_upper,4930.9
1806,castaneda_2013,production_tonnes,17.78
1806,castaneda_2013,stock_lower,4682.66
1806,castaneda_2013,stock_upper,4948.7
1807,castaneda_2013,production_tonnes,17.78
1807,castaneda_2013,stock_lower,4700.44
1807,castaneda_2013,stock_upper,4966.4
1808,castaneda_2013,production_tonnes,17.78
1808,castaneda_2013,stock_lower,4718.21
1808,castaneda_2013,stock_upper,4984.2
1809,castaneda_2013,production_tonnes,17.78
1809,castaneda_2013,stock_lower,4735.99
1809,castaneda_2013,stock_upper,5002
1810,castaneda_2013,production_tonnes,17.78
1810,castaneda_2013,stock_lower,4753.77
1810,castaneda_2013,stock_upper,5019.8
1811,castaneda_2013,production_tonnes,11.44
1811,castaneda_2013,stock_lower,4765.22
1811,castaneda_2013,stock_upper,5031.2
1812,castaneda_2013,production_tonnes,11.44
1812,castaneda_2013,stock_lower,4776.66
1812,castaneda_2013,stock_upper,5042.7
1813,castaneda_2013,production_tonnes,11.44
1813,castaneda_2013,stock_lower,4788.11
1813,castaneda_2013,stock_upper,5054.1
1814,castaneda_2013,production_tonnes,11.44
1814,castaneda_2013,stock_lower,4799.55
1814,castaneda_2013,stock_upper,5065.6
1815,castaneda_2013,production_tonnes,11.44
1815,castaneda_2013,stock_lower,4811
1815,castaneda_2013,stock_upper,5077
1816,castaneda_2013,production_tonnes,11.44
1816,castaneda_2013,stock_lower,4822.44
1816,castaneda_2013,stock_upper,5088.4
1817,castaneda_2013,production_tonnes,11.44
1817,castaneda_2013,stock_lower,4833.88
1817,castaneda_2013,stock_upper,5099.9
1818,castaneda_2013,production_tonnes,11.44
1818,castaneda_2013,stock_lower,4845.33
1818,castaneda_2013,stock_upper,5111.3
1819,castaneda_2013,production_tonnes,11.44
1819,castaneda_2013,stock_lower,4856.77
1819,castaneda_2013,stock_upper,5122.8
1820,castaneda_2013,production_tonnes,11.44
1820,castaneda_2013,stock_lower,4868.22
1820,castaneda_2013,stock_upper,5134.2
1821,castaneda_2013,production_tonnes,14.22
1821,castaneda_2013,stock_lower,4882.44
1821,castaneda_2013,stock_upper,5148.4
1822,castaneda_2013,production_tonnes,14.22
1822,castaneda_2013,stock_lower,4896.65
1822,castaneda_2013,stock_upper,5162.7
1823,castaneda_2013,production_tonnes,14.22
1823,castaneda_2013,stock_lower,4910.87
1823,castaneda_2013,stock_upper,5176.9
1824,castaneda_2013,production_tonnes,14.22
1824,castaneda_2013,stock_lower,4925.08
1824,castaneda_2013,stock_upper,5191.1
1825,castaneda_2013,production_tonnes,14.22
1825,castaneda_2013,stock_lower,4939.3
1825,castaneda_2013,stock_upper,5205.3
1826,castaneda_2013,production_tonnes,14.22
1826,castaneda_2013,stock_lower,4953.52
1826,castaneda_2013,stock_upper,5219.5
1827,castaneda_2013,production_tonnes,14.22
1827,castaneda_2013,stock_lower,4967.73
1827,castaneda_2013,stock_upper,5233.7
1828,castaneda_2013,production_tonnes,14.22
1828,castaneda_2013,stock_lower,4981.95
1828,castaneda_2013,stock_upper,5247.9
1829,castaneda_2013,production_tonnes,14.22
1829,castaneda_2013,stock_lower,4996.16
1829,castaneda_2013,stock_upper,5262.2
1830,castaneda_2013,production_tonnes,14.22
1830,castaneda_2013,stock_lower,5010.38
1830,castaneda_2013,stock_upper,5276.4
1831,castaneda_2013,production_tonnes,20.29
1831,castaneda_2013,stock_lower,5030.67
1831,castaneda_2013,stock_upper,5296.7
1832,castaneda_2013,production_tonnes,20.29
1832,castaneda_2013,stock_lower,5050.96
1832,castaneda_2013,stock_upper,5317
1833,castaneda_2013,production_tonnes,20.29
1833,castaneda_2013,stock_lower,5071.25
1833,castaneda_2013,stock_upper,5337.2
1834,castaneda_2013,production_tonnes,20.29
1834,castaneda_2013,stock_lower,5091.54
1834,castaneda_2013,stock_upper,5357.5
1835,castaneda_2013,production_tonnes,20.29
1835,castaneda_2013,stock_lower,5111.82
1835,castaneda_2013,stock_upper,5377.8
1836,castaneda_2013,production_tonnes,20.29
1836,castaneda_2013,stock_lower,5132.11
1836,castaneda_2013,stock_upper,5398.1
1837,castaneda_2013,production_tonnes,20.29
1837,castaneda_2013,stock_lower,5152.4
1837,castaneda_2013,stock_upper,5418.4
1838,castaneda_2013,production_tonnes,20.29
1838,castaneda_2013,stock_lower,5172.69
1838,castaneda_2013,stock_upper,5438.7
1839,castaneda_2013,production_tonnes,20.29
1839,castaneda_2013,stock_lower,5192.98
1839,castaneda_2013,stock_upper,5459
1840,castaneda_2013,production_tonnes,20.29
1840,castaneda_2013,stock_lower,5213.27
1840,castaneda_2013,stock_upper,5479.3
1841,castaneda_2013,production_tonnes,54.76
1841,castaneda_2013,stock_lower,5268.03
1841,castaneda_2013,stock_upper,5534
1842,castaneda_2013,production_tonnes,54.76
1842,castaneda_2013,stock_lower,5322.79
1842,castaneda_2013,stock_upper,5588.8
1843,castaneda_2013,production_tonnes,54.76
1843,castaneda_2013,stock_lower,5377.55
1843,castaneda_2013,stock_upper,5643.5
1844,castaneda_2013,production_tonnes,54.76
1844,castaneda_2013,stock_lower,5432.3
1844,castaneda_2013,stock_upper,5698.3
1845,castaneda_2013,production_tonnes,54.76
1845,castaneda_2013,stock_lower,5487.06
1845,castaneda_2013,stock_upper,5753.1
1846,castaneda_2013,production_tonnes,54.76
1846,castaneda_2013,stock_lower,5541.82
1846,castaneda_2013,stock_upper,5807.8
1847,castaneda_2013,production_tonnes,54.76
1847,castaneda_2013,stock_lower,5596.58
1847,castaneda_2013,stock_upper,5862.6
1848,castaneda_2013,production_tonnes,54.76
1848,castaneda_2013,stock_lower,5651.34
1848,castaneda_2013,stock_upper,5917.3
1849,castaneda_2013,production_tonnes,54.76
1849,castaneda_2013,stock_lower,5706.1
1849,castaneda_2013,stock_upper,5972.1
1850,castaneda_2013,production_tonnes,54.76
1850,castaneda_2013,stock_lower,5760.86
1850,castaneda_2013,stock_upper,6026.9
1851,castaneda_2013,production_tonnes,199.39
1851,castaneda_2013,stock_lower,5960.24
1851,castaneda_2013,stock_upper,6226.2
1852,castaneda_2013,production_tonnes,199.39
1852,castaneda_2013,stock_lower,6159.63
1852,castaneda_2013,stock_upper,6425.6
1853,castaneda_2013,production_tonnes,199.39
1853,castaneda_2013,stock_lower,6359.02
1853,castaneda_2013,stock_upper,6625
1854,castaneda_2013,production_tonnes,199.39
1854,castaneda_2013,stock_lower,6558.41
1854,castaneda_2013,stock_upper,6824.4
1855,castaneda_2013,production_tonnes,199.39
1855,castaneda_2013,stock_lower,6757.79
1855,castaneda_2013,stock_upper,7023.8
1856,castaneda_2013,production_tonnes,201.75
1856,castaneda_2013,stock_lower,6959.54
1856,castaneda_2013,stock_upper,7225.5
1857,castaneda_2013,production_tonnes,201.75
1857,castaneda_2013,stock_lower,7161.29
1857,castaneda_2013,stock_upper,7427.3
1858,castaneda_2013,production_tonnes,201.75
1858,castaneda_2013,stock_lower,7363.04
1858,castaneda_2013,stock_upper,7629
1859,castaneda_2013,production_tonnes,201.75
1859,castaneda_2013,stock_lower,7564.79
1859,castaneda_2013,stock_upper,7830.8
1860,castaneda_2013,production_tonnes,201.75
1860,castaneda_2013,stock_lower,7766.54
1860,castaneda_2013,stock_upper,8032.5
1861,castaneda_2013,production_tonnes,185.06
1861,castaneda_2013,stock_lower,7951.6
1861,castaneda_2013,stock_upper,8217.6
1862,castaneda_2013,production_tonnes,185.06
1862,castaneda_2013,stock_lower,8136.65
1862,castaneda_2013,stock_upper,8402.7
1863,castaneda_2013,production_tonnes,185.06
1863,castaneda_2013,stock_lower,8321.71
1863,castaneda_2013,stock_upper,8587.7
1864,castaneda_2013,production_tonnes,185.06
1864,castaneda_2013,stock_lower,8506.77
1864,castaneda_2013,stock_upper,8772.8
1865,castaneda_2013,production_tonnes,185.06
1865,castaneda_2013,stock_lower,8691.82
1865,castaneda_2013,stock_upper,8957.8
1866,castaneda_2013,production_tonnes,195.03
1866,castaneda_2013,stock_lower,8886.85
1866,castaneda_2013,stock_upper,9152.8
1867,castaneda_2013,production_tonnes,195.03
1867,castaneda_2013,stock_lower,9081.87
1867,castaneda_2013,stock_upper,9347.9
1868,castaneda_2013,production_tonnes,195.03
1868,castaneda_2013,stock_lower,9276.9
1868,castaneda_2013,stock_upper,9542.9
1869,castaneda_2013,production_tonnes,195.03
1869,castaneda_2013,stock_lower,9471.93
1869,castaneda_2013,stock_upper,9737.9
1870,castaneda_2013,production_tonnes,195.03
1870,castaneda_2013,stock_lower,9666.95
1870,castaneda_2013,stock_upper,9933
1871,castaneda_2013,production_tonnes,173.9
1871,castaneda_2013,stock_lower,9840.85
1871,castaneda_2013,stock_upper,10106.9
1872,castaneda_2013,production_tonnes,173.9
1872,castaneda_2013,stock_lower,10014.76
1872,castaneda_2013,stock_upper,10280.8
1873,castaneda_2013,production_tonnes,173.9
1873,castaneda_2013,stock_lower,10188.66
1873,castaneda_2013,stock_upper,10454.7
1874,castaneda_2013,production_tonnes,173.9
1874,castaneda_2013,stock_lower,10362.56
1874,castaneda_2013,stock_upper,10628.6
1875,castaneda_2013,production_tonnes,173.9
1875,castaneda_2013,stock_lower,10536.47
1875,castaneda_2013,stock_upper,10802.5
1876,castaneda_2013,production_tonnes,165.96
1876,castaneda_2013,stock_lower,10702.42
1876,castaneda_2013,stock_upper,10968.4
1877,castaneda_2013,production_tonnes,179.44
1877,castaneda_2013,stock_lower,10881.87
1877,castaneda_2013,stock_upper,11147.9
1878,castaneda_2013,production_tonnes,185.85
1878,castaneda_2013,stock_lower,11067.71
1878,castaneda_2013,stock_upper,11333.7
1879,castaneda_2013,production_tonnes,167.31
1879,castaneda_2013,stock_lower,11235.02
1879,castaneda_2013,stock_upper,11501
1880,castaneda_2013,production_tonnes,163.51
1880,castaneda_2013,stock_lower,11398.54
1880,castaneda_2013,stock_upper,11664.5
1881,castaneda_2013,production_tonnes,160.68
1881,castaneda_2013,stock_lower,11559.21
1881,castaneda_2013,stock_upper,11825.2
1882,castaneda_2013,production_tonnes,153.82
1882,castaneda_2013,stock_lower,11713.03
1882,castaneda_2013,stock_upper,11979
1883,castaneda_2013,production_tonnes,148.58
1883,castaneda_2013,stock_lower,11861.61
1883,castaneda_2013,stock_upper,12127.6
1884,castaneda_2013,production_tonnes,155.75
1884,castaneda_2013,stock_lower,12017.36
1884,castaneda_2013,stock_upper,12283.4
1885,castaneda_2013,production_tonnes,155.97
1885,castaneda_2013,stock_lower,12173.33
1885,castaneda_2013,stock_upper,12439.3
1886,castaneda_2013,production_tonnes,159.74
1886,castaneda_2013,stock_lower,12333.07
1886,castaneda_2013,stock_upper,12599.1
1887,castaneda_2013,production_tonnes,159.15
1887,castaneda_2013,stock_lower,12492.22
1887,castaneda_2013,stock_upper,12758.2
1888,castaneda_2013,production_tonnes,165.81
1888,castaneda_2013,stock_lower,12658.03
1888,castaneda_2013,stock_upper,12924
1889,castaneda_2013,production_tonnes,185.81
1889,castaneda_2013,stock_lower,12843.83
1889,castaneda_2013,stock_upper,13109.8
1890,castaneda_2013,production_tonnes,178.82
1890,castaneda_2013,stock_lower,13022.65
1890,castaneda_2013,stock_upper,13288.7
1891,castaneda_2013,production_tonnes,196.58
1891,castaneda_2013,stock_lower,13219.23
1891,castaneda_2013,stock_upper,13485.2
1892,castaneda_2013,production_tonnes,220.66
1892,castaneda_2013,stock_lower,13439.89
1892,castaneda_2013,stock_upper,13705.9
1893,castaneda_2013,production_tonnes,236.97
1893,castaneda_2013,stock_lower,13676.86
1893,castaneda_2013,stock_upper,13942.9
1894,castaneda_2013,production_tonnes,272.6
1894,castaneda_2013,stock_lower,13949.46
1894,castaneda_2013,stock_upper,14215.5
1895,castaneda_2013,production_tonnes,299.07
1895,castaneda_2013,stock_lower,14248.53
1895,castaneda_2013,stock_upper,14514.5
1896,castaneda_2013,production_tonnes,304.31
1896,castaneda_2013,stock_lower,14552.84
1896,castaneda_2013,stock_upper,14818.8
1897,castaneda_2013,production_tonnes,355.2
1897,castaneda_2013,stock_lower,14908.04
1897,castaneda_2013,stock_upper,15174
1898,castaneda_2013,production_tonnes,417.41
1898,castaneda_2013,stock_lower,15325.45
1898,castaneda_2013,stock_upper,15591.5
1899,castaneda_2013,production_tonnes,461.51
1899,castaneda_2013,stock_lower,15786.96
1899,castaneda_2013,stock_upper,16053
1900,castaneda_2013,production_tonnes,383.04
1900,castaneda_2013,stock_lower,16170
1900,castaneda_2013,stock_upper,16436
1901,castaneda_2013,production_tonnes,392.7
1901,castaneda_2013,stock_lower,16562.7
1901,castaneda_2013,stock_upper,16828.7
1902,castaneda_2013,production_tonnes,446.48
1902,castaneda_2013,stock_lower,17009.18
1902,castaneda_2013,stock_upper,17275.2
1903,castaneda_2013,production_tonnes,493.07
1903,castaneda_2013,stock_lower,17502.25
1903,castaneda_2013,stock_upper,17768.2
1904,castaneda_2013,production_tonnes,522.67
1904,castaneda_2013,stock_lower,18024.92
1904,castaneda_2013,stock_upper,18290.9
1905,castaneda_2013,production_tonnes,572.19
1905,castaneda_2013,stock_lower,18597.11
1905,castaneda_2013,stock_upper,18863.1
1906,castaneda_2013,production_tonnes,605.88
1906,castaneda_2013,stock_lower,19202.99
1906,castaneda_2013,stock_upper,19469
1907,castaneda_2013,production_tonnes,621.43
1907,castaneda_2013,stock_lower,19824.42
1907,castaneda_2013,stock_upper,20090.4
1908,castaneda_2013,production_tonnes,666.79
1908,castaneda_2013,stock_lower,20491.22
1908,castaneda_2013,stock_upper,20757.2
1909,castaneda_2013,production_tonnes,682.99
1909,castaneda_2013,stock_lower,21174.21
1909,castaneda_2013,stock_upper,21440.2
1910,castaneda_2013,production_tonnes,684.94
1910,castaneda_2013,stock_lower,21859.14
1910,castaneda_2013,stock_upper,22125.1
1911,castaneda_2013,production_tonnes,695.3
1911,castaneda_2013,stock_lower,22554.45
1911,castaneda_2013,stock_upper,22820.4
1912,castaneda_2013,production_tonnes,701.14
1912,castaneda_2013,stock_lower,23255.58
1912,castaneda_2013,stock_upper,23521.6
1913,castaneda_2013,production_tonnes,713.45
1913,castaneda_2013,stock_lower,23969.03
1913,castaneda_2013,stock_upper,24235
1914,castaneda_2013,production_tonnes,679.1
1914,castaneda_2013,stock_lower,24648.14
1914,castaneda_2013,stock_upper,24914.1
1915,castaneda_2013,production_tonnes,710.86
1915,castaneda_2013,stock_lower,25358.99
1915,castaneda_2013,stock_upper,25625
1916,castaneda_2013,production_tonnes,677.81
1916,castaneda_2013,stock_lower,26036.8
1916,castaneda_2013,stock_upper,26302.8
1917,castaneda_2013,production_tonnes,638.93
1917,castaneda_2013,stock_lower,26675.73
1917,castaneda_2013,stock_upper,26941.7
1918,castaneda_2013,production_tonnes,575.42
1918,castaneda_2013,stock_lower,27251.15
1918,castaneda_2013,stock_upper,27517.2
1919,castaneda_2013,production_tonnes,535.25
1919,castaneda_2013,stock_lower,27786.4
1919,castaneda_2013,stock_upper,28052.4
1920,castaneda_2013,production_tonnes,501.55
1920,castaneda_2013,stock_lower,28287.95
1920,castaneda_2013,stock_upper,28554
1921,castaneda_2013,production_tonnes,497.02
1921,castaneda_2013,stock_lower,28784.97
1921,castaneda_2013,stock_upper,29051
1922,castaneda_2013,production_tonnes,488.59
1922,castaneda_2013,stock_lower,29273.56
1922,castaneda_2013,stock_upper,29539.6
1923,castaneda_2013,production_tonnes,570.24
1923,castaneda_2013,stock_lower,29843.8
1923,castaneda_2013,stock_upper,30109.8
1924,castaneda_2013,production_tonnes,598.75
1924,castaneda_2013,stock_lower,30442.55
1924,castaneda_2013,stock_upper,30708.6
1925,castaneda_2013,production_tonnes,602.64
1925,castaneda_2013,stock_lower,31045.19
1925,castaneda_2013,stock_upper,31311.2
1926,castaneda_2013,production_tonnes,601.99
1926,castaneda_2013,stock_lower,31647.18
1926,castaneda_2013,stock_upper,31913.2
1927,castaneda_2013,production_tonnes,604.58
1927,castaneda_2013,stock_lower,32251.77
1927,castaneda_2013,stock_upper,32517.8
1928,castaneda_2013,production_tonnes,603.29
1928,castaneda_2013,stock_lower,32855.06
1928,castaneda_2013,stock_upper,33121.1
1929,castaneda_2013,production_tonnes,618.84
1929,castaneda_2013,stock_lower,33473.9
1929,castaneda_2013,stock_upper,33739.9
1930,castaneda_2013,production_tonnes,648
1930,castaneda_2013,stock_lower,34121.9
1930,castaneda_2013,stock_upper,34387.9
1931,castaneda_2013,production_tonnes,696.6
1931,castaneda_2013,stock_lower,34818.5
1931,castaneda_2013,stock_upper,35084.5
1932,castaneda_2013,production_tonnes,756.86
1932,castaneda_2013,stock_lower,35575.36
1932,castaneda_2013,stock_upper,35841.4
1933,castaneda_2013,production_tonnes,1378.3
1933,castaneda_2013,stock_lower,36953.66
1933,castaneda_2013,stock_upper,37219.7
1934,castaneda_2013,production_tonnes,849.53
1934,castaneda_2013,stock_lower,37803.18
1934,castaneda_2013,stock_upper,38069.2
1935,castaneda_2013,production_tonnes,920.16
1935,castaneda_2013,stock_lower,38723.34
1935,castaneda_2013,stock_upper,38989.3
1936,castaneda_2013,production_tonnes,1031.62
1936,castaneda_2013,stock_lower,39754.96
1936,castaneda_2013,stock_upper,40021
1937,castaneda_2013,production_tonnes,1088.64
1937,castaneda_2013,stock_lower,40843.6
1937,castaneda_2013,stock_upper,41109.6
1938,castaneda_2013,production_tonnes,1164.46
1938,castaneda_2013,stock_lower,42008.06
1938,castaneda_2013,stock_upper,42274.1
1939,castaneda_2013,production_tonnes,1215
1939,castaneda_2013,stock_lower,43223.06
1939,castaneda_2013,stock_upper,43489.1
1940,castaneda_2013,production_tonnes,1273.97
1940,castaneda_2013,stock_lower,44497.02
1940,castaneda_2013,stock_upper,44763
1941,castaneda_2013,production_tonnes,1224.07
1941,castaneda_2013,stock_lower,45721.1
1941,castaneda_2013,stock_upper,45987.1
1942,castaneda_2013,production_tonnes,1071.14
1942,castaneda_2013,stock_lower,46792.24
1942,castaneda_2013,stock_upper,47058.2
1943,castaneda_2013,production_tonnes,828.79
1943,castaneda_2013,stock_lower,47621.03
1943,castaneda_2013,stock_upper,47887
1944,castaneda_2013,production_tonnes,745.2
1944,castaneda_2013,stock_lower,48366.23
1944,castaneda_2013,stock_upper,48632.2
1945,castaneda_2013,production_tonnes,716.69
1945,castaneda_2013,stock_lower,49082.92
1945,castaneda_2013,stock_upper,49348.9
1946,castaneda_2013,production_tonnes,726.41
1946,castaneda_2013,stock_lower,49809.33
1946,castaneda_2013,stock_upper,50075.3
1947,castaneda_2013,production_tonnes,732.24
1947,castaneda_2013,stock_lower,50541.57
1947,castaneda_2013,stock_upper,50807.6
1948,castaneda_2013,production_tonnes,753.62
1948,castaneda_2013,stock_lower,51295.19
1948,castaneda_2013,stock_upper,51561.2
1949,castaneda_2013,production_tonnes,774.36
1949,castaneda_2013,stock_lower,52069.55
1949,castaneda_2013,stock_upper,52335.6
1950,castaneda_2013,production_tonnes,800.93
1950,castaneda_2013,stock_lower,52870.48
1950,castaneda_2013,stock_upper,53136.5
1951,castaneda_2013,production_tonnes,784.08
1951,castaneda_2013,stock_lower,53654.56
1951,castaneda_2013,stock_upper,53920.6
1952,castaneda_2013,production_tonnes,806.76
1952,castaneda_2013,stock_lower,54461.32
1952,castaneda_2013,stock_upper,54727.3
1953,castaneda_2013,production_tonnes,803.52
1953,castaneda_2013,stock_lower,55264.84
1953,castaneda_2013,stock_upper,55530.8
1954,castaneda_2013,production_tonnes,850.18
1954,castaneda_2013,stock_lower,56115.02
1954,castaneda_2013,stock_upper,56381
1955,castaneda_2013,production_tonnes,891
1955,castaneda_2013,stock_lower,57006.02
1955,castaneda_2013,stock_upper,57272
1956,castaneda_2013,production_tonnes,928.58
1956,castaneda_2013,stock_lower,57934.6
1956,castaneda_2013,stock_upper,58200.6
1957,castaneda_2013,production_tonnes,965.52
1957,castaneda_2013,stock_lower,58900.12
1957,castaneda_2013,stock_upper,59166.1
1958,castaneda_2013,production_tonnes,995.98
1958,castaneda_2013,stock_lower,59896.1
1958,castaneda_2013,stock_upper,60162.1
1959,castaneda_2013,production_tonnes,1067.9
1959,castaneda_2013,stock_lower,60964
1959,castaneda_2013,stock_upper,61230
1960,castaneda_2013,production_tonnes,1116.5
1960,castaneda_2013,stock_lower,62080.5
1960,castaneda_2013,stock_upper,62346.5
1961,castaneda_2013,production_tonnes,1151.5
1961,castaneda_2013,stock_lower,63232
1961,castaneda_2013,stock_upper,63498
1962,castaneda_2013,production_tonnes,1231.85
1962,castaneda_2013,stock_lower,64463.85
1962,castaneda_2013,stock_upper,64729.8
1963,castaneda_2013,production_tonnes,1308.96
1963,castaneda_2013,stock_lower,65772.81
1963,castaneda_2013,stock_upper,66038.8
1964,castaneda_2013,production_tonnes,1352.38
1964,castaneda_2013,stock_lower,67125.18
1964,castaneda_2013,stock_upper,67391.2
1965,castaneda_2013,production_tonnes,1382.83
1965,castaneda_2013,stock_lower,68508.02
1965,castaneda_2013,stock_upper,68774
1966,castaneda_2013,production_tonnes,1383.48
1966,castaneda_2013,stock_lower,69891.5
1966,castaneda_2013,stock_upper,70157.5
1967,castaneda_2013,production_tonnes,1354.32
1967,castaneda_2013,stock_lower,71245.82
1967,castaneda_2013,stock_upper,71511.8
1968,castaneda_2013,production_tonnes,1355.62
1968,castaneda_2013,stock_lower,72601.43
1968,castaneda_2013,stock_upper,72867.4
1969,castaneda_2013,production_tonnes,1355.62
1969,castaneda_2013,stock_lower,73957.05
1969,castaneda_2013,stock_upper,74223
1970,castaneda_2013,production_tonnes,1393.2
1970,castaneda_2013,stock_lower,75350.25
1970,castaneda_2013,stock_upper,75616.2
1971,castaneda_2013,production_tonnes,1355.62
1971,castaneda_2013,stock_lower,76705.86
1971,castaneda_2013,stock_upper,76971.9
1972,castaneda_2013,production_tonnes,1382.83
1972,castaneda_2013,stock_lower,78088.7
1972,castaneda_2013,stock_upper,78354.7
1973,castaneda_2013,production_tonnes,1350
1973,castaneda_2013,stock_lower,79438.7
1973,castaneda_2013,stock_upper,79704.7
1974,castaneda_2013,production_tonnes,1250
1974,castaneda_2013,stock_lower,80688.7
1974,castaneda_2013,stock_upper,80954.7
1975,castaneda_2013,production_tonnes,1200
1975,castaneda_2013,stock_lower,81888.7
1975,castaneda_2013,stock_upper,82154.7
1976,castaneda_2013,production_tonnes,1210
1976,castaneda_2013,stock_lower,83098.7
1976,castaneda_2013,stock_upper,83364.7
1977,castaneda_2013,production_tonnes,1210
1977,castaneda_2013,stock_lower,84308.7
1977,castaneda_2013,stock_upper,84574.7
1978,castaneda_2013,production_tonnes,1210
1978,castaneda_2013,stock_lower,85518.7
1978,castaneda_2013,stock_upper,85784.7
1979,castaneda_2013,production_tonnes,1210
1979,castaneda_2013,stock_lower,86728.7
1979,castaneda_2013,stock_upper,86994.7
1980,castaneda_2013,production_tonnes,1220
1980,castaneda_2013,stock_lower,87948.7
1980,castaneda_2013,stock_upper,88214.7
1981,castaneda_2013,production_tonnes,1280
1981,castaneda_2013,stock_lower,89228.7
1981,castaneda_2013,stock_upper,89494.7
1982,castaneda_2013,production_tonnes,1340
1982,castaneda_2013,stock_lower,90568.7
1982,castaneda_2013,stock_upper,90834.7
1983,castaneda_2013,production_tonnes,1400
1983,castaneda_2013,stock_lower,91968.7
1983,castaneda_2013,stock_upper,92234.7
1984,castaneda_2013,production_tonnes,1460
1984,castaneda_2013,stock_lower,93428.7
1984,castaneda_2013,stock_upper,93694.7
1985,castaneda_2013,production_tonnes,1530
1985,castaneda_2013,stock_lower,94958.7
1985,castaneda_2013,stock_upper,95224.7
1986,castaneda_2013,production_tonnes,1610
1986,castaneda_2013,stock_lower,96568.7
1986,castaneda_2013,stock_upper,96834.7
1987,castaneda_2013,production_tonnes,1660
1987,castaneda_2013,stock_lower,98228.7
1987,castaneda_2013,stock_upper,98494.7
1988,castaneda_2013,production_tonnes,1870
1988,castaneda_2013,stock_lower,100098.7
1988,castaneda_2013,stock_upper,100364.7
1989,castaneda_2013,production_tonnes,2010
1989,castaneda_2013,stock_lower,102108.7
1989,castaneda_2013,stock_upper,102374.7
1990,castaneda_2013,production_tonnes,2180
1990,castaneda_2013,stock_lower,104288.7
1990,castaneda_2013,stock_upper,104554.7
1991,castaneda_2013,production_tonnes,2160
1991,castaneda_2013,stock_lower,106448.7
1991,castaneda_2013,stock_upper,106714.7
1992,castaneda_2013,production_tonnes,2260
1992,castaneda_2013,stock_lower,108708.7
1992,castaneda_2013,stock_upper,108974.7
1993,castaneda_2013,production_tonnes,2280
1993,castaneda_2013,stock_lower,110988.7
1993,castaneda_2013,stock_upper,111254.7
1994,castaneda_2013,production_tonnes,2260
1994,castaneda_2013,stock_lower,113248.7
1994,castaneda_2013,stock_upper,113514.7
1995,castaneda_2013,production_tonnes,2230
1995,castaneda_2013,stock_lower,115478.7
1995,castaneda_2013,stock_upper,115744.7
1996,castaneda_2013,production_tonnes,2290
1996,castaneda_2013,stock_lower,117768.7
1996,castaneda_2013,stock_upper,118034.7
1997,castaneda_2013,production_tonnes,2450
1997,castaneda_2013,stock_lower,120218.7
1997,castaneda_2013,stock_upper,120484.7
1998,castaneda_2013,production_tonnes,2500
1998,castaneda_2013,stock_lower,122718.7
1998,castaneda_2013,stock_upper,122984.7
1999,castaneda_2013,production_tonnes,2570
1999,castaneda_2013,stock_lower,125288.7
1999,castaneda_2013,stock_upper,125554.7
2000,castaneda_2013,production_tonnes,2590
2000,castaneda_2013,stock_lower,127878.7
2000,castaneda_2013,stock_upper,128144.7
2001,castaneda_2013,production_tonnes,2600
2001,castaneda_2013,stock_lower,130478.7
2001,castaneda_2013,stock_upper,130744.7
2002,castaneda_2013,production_tonnes,2550
2002,castaneda_2013,stock_lower,133028.7
2002,castaneda_2013,stock_upper,133294.7
2003,castaneda_2013,production_tonnes,2540
2003,castaneda_2013,stock_lower,135568.7
2003,castaneda_2013,stock_upper,135834.7
2004,castaneda_2013,production_tonnes,2420
2004,castaneda_2013,stock_lower,137988.7
2004,castaneda_2013,stock_upper,138254.7
2005,castaneda_2013,production_tonnes,2470
2005,castaneda_2013,stock_lower,140458.7
2005,castaneda_2013,stock_upper,140724.7
2006,castaneda_2013,production_tonnes,2370
2006,castaneda_2013,stock_lower,142828.7
2006,castaneda_2013,stock_upper,143094.7
2007,castaneda_2013,production_tonnes,2360
2007,castaneda_2013,stock_lower,145188.7
2007,castaneda_2013,stock_upper,145454.7
2008,castaneda_2013,production_tonnes,2290
2008,castaneda_2013,stock_lower,147478.7
2008,castaneda_2013,stock_upper,147744.7
2009,castaneda_2013,production_tonnes,2450
2009,castaneda_2013,stock_lower,149928.7
2009,castaneda_2013,stock_upper,150194.7
2010,castaneda_2013,production_tonnes,2586
2010,castaneda_2013,stock_lower,152514.7
2010,castaneda_2013,stock_upper,152780.7
2011,castaneda_2013,production_tonnes,2809
2011,castaneda_2013,stock_lower,155323.7
2011,castaneda_2013,stock_upper,155589.7
2012,castaneda_2013,production_tonnes,2847.7
2012,castaneda_2013,stock_lower,158171.4
2012,castaneda_2013,stock_upper,158437.4
