year,state,production_oz
1795,Alabama,NA
1795,Alaska,NA
1795,Arizona,NA
1795,California,NA
1795,Colorado,NA
1795,Georgia,NA
1795,Idaho,NA
1795,Maryland,NA
1795,Michigan,NA
1795,Montana,NA
1795,Nevada,NA
1795,New Mexico,NA
1795,North Carolina,NA
1795,Oregon,NA
1795,Pennsylvania,NA
1795,South Carolina,NA
1795,South Dakota,NA
1795,Tennessee,NA
1795,Texas,NA
1795,Utah,NA
1795,Vermont,NA
1795,Virginia,NA
1795,Washington,NA
1795,Wyoming,NA
1796,Alabama,NA
1796,Alaska,NA
1796,Arizona,NA
1796,California,NA
1796,Colorado,NA
1796,Georgia,NA
1796,Idaho,NA
1796,Maryland,NA
1796,Michigan,NA
1796,Montana,NA
1796,Nevada,NA
1796,New Mexico,NA
1796,North Carolina,NA
1796,Oregon,NA
1796,Pennsylvania,NA
1796,South Carolina,NA
1796,South Dakota,NA
1796,Tennessee,NA
1796,Texas,NA
1796,Utah,NA
1796,Vermont,NA
1796,Virginia,NA
1796,Washington,NA
1796,Wyoming,NA
1797,Alabama,NA
1797,Alaska,NA
1797,Arizona,NA
1797,California,NA
1797,Colorado,NA
1797,Georgia,NA
1797,Idaho,NA
1797,Maryland,NA
1797,Michigan,NA
1797,Montana,NA
1797,Nevada,NA
1797,New Mexico,NA
1797,North Carolina,NA
1797,Oregon,NA
1797,Pennsylvania,NA
1797,South Carolina,NA
1797,South Dakota,NA
1797,Tennessee,NA
1797,Texas,NA
1797,Utah,NA
1797,Vermont,NA
1797,Virginia,NA
1797,Washington,NA
1797,Wyoming,NA
1798,Alabama,NA
1798,Alaska,NA
1798,Arizona,NA
1798,California,NA
1798,Colorado,NA
1798,Georgia,NA
1798,Idaho,NA
1798,Maryland,NA
1798,Michigan,NA
1798,Montana,NA
1798,Nevada,NA
1798,New Mexico,NA
1798,North Carolina,NA
1798,Oregon,NA
1798,Pennsylvania,NA
1798,South Carolina,NA
1798,South Dakota,NA
1798,Tennessee,NA
1798,Texas,NA
1798,Utah,NA
1798,Vermont,NA
1798,Virginia,NA
1798,Washington,NA
1798,Wyoming,NA
1799,Alabama,NA
1799,Alaska,NA
1799,Arizona,NA
1799,California,NA
1799,Colorado,NA
1799,Georgia,NA
1799,Idaho,NA
1799,Maryland,NA
1799,Michigan,NA
1799,Montana,NA
1799,Nevada,NA
1799,New Mexico,NA
1799,North Carolina,NA
1799,Oregon,NA
1799,Pennsylvania,NA
1799,South Carolina,NA
1799,South Dakota,NA
1799,Tennessee,NA
1799,Texas,NA
1799,Utah,NA
1799,Vermont,NA
1799,Virginia,NA
1799,Washington,NA
1799,Wyoming,NA
1800,Alabama,NA
1800,Alaska,NA
1800,Arizona,NA
1800,California,NA
1800,Colorado,NA
1800,Georgia,NA
1800,Idaho,NA
1800,Maryland,NA
1800,Michigan,NA
1800,Montana,NA
1800,Nevada,NA
1800,New Mexico,NA
1800,North Carolina,NA
1800,Oregon,NA
1800,Pennsylvania,NA
1800,South Carolina,NA
1800,South Dakota,NA
1800,Tennessee,NA
1800,Texas,NA
1800,Utah,NA
1800,Vermont,NA
1800,Virginia,NA
1800,Washington,NA
1800,Wyoming,NA
1801,Alabama,NA
1801,Alaska,NA
1801,Arizona,NA
1801,California,NA
1801,Colorado,NA
1801,Georgia,NA
1801,Idaho,NA
1801,Maryland,NA
1801,Michigan,NA
1801,Montana,NA
1801,Nevada,NA
1801,New Mexico,NA
1801,North Carolina,NA
1801,Oregon,NA
1801,Pennsylvania,NA
1801,South Carolina,NA
1801,South Dakota,NA
1801,Tennessee,NA
1801,Texas,NA
1801,Utah,NA
1801,Vermont,NA
1801,Virginia,NA
1801,Washington,NA
1801,Wyoming,NA
1802,Alabama,NA
1802,Alaska,NA
1802,Arizona,NA
1802,California,NA
1802,Colorado,NA
1802,Georgia,NA
1802,Idaho,NA
1802,Maryland,NA
1802,Michigan,NA
1802,Montana,NA
1802,Nevada,NA
1802,New Mexico,NA
1802,North Carolina,NA
1802,Oregon,NA
1802,Pennsylvania,NA
1802,South Carolina,NA
1802,South Dakota,NA
1802,Tennessee,NA
1802,Texas,NA
1802,Utah,NA
1802,Vermont,NA
1802,Virginia,NA
1802,Washington,NA
1802,Wyoming,NA
1803,Alabama,NA
1803,Alaska,NA
1803,Arizona,NA
1803,California,NA
1803,Colorado,NA
1803,Georgia,NA
1803,Idaho,NA
1803,Maryland,NA
1803,Michigan,NA
1803,Montana,NA
1803,Nevada,NA
1803,New Mexico,NA
1803,North Carolina,NA
1803,Oregon,NA
1803,Pennsylvania,NA
1803,South Carolina,NA
1803,South Dakota,NA
1803,Tennessee,NA
1803,Texas,NA
1803,Utah,NA
1803,Vermont,NA
1803,Virginia,NA
1803,Washington,NA
1803,Wyoming,NA
1804,Alabama,NA
1804,Alaska,NA
1804,Arizona,NA
1804,California,NA
1804,Colorado,NA
1804,Georgia,NA
1804,Idaho,NA
1804,Maryland,NA
1804,Michigan,NA
1804,Montana,NA
1804,Nevada,NA
1804,New Mexico,NA
1804,North Carolina,114
1804,Oregon,NA
1804,Pennsylvania,NA
1804,South Carolina,NA
1804,South Dakota,NA
1804,Tennessee,NA
1804,Texas,NA
1804,Utah,NA
1804,Vermont,NA
1804,Virginia,NA
1804,Washington,NA
1804,Wyoming,NA
1805,Alabama,NA
1805,Alaska,NA
1805,Arizona,NA
1805,California,NA
1805,Colorado,NA
1805,Georgia,NA
1805,Idaho,NA
1805,Maryland,NA
1805,Michigan,NA
1805,Montana,NA
1805,Nevada,NA
1805,New Mexico,NA
1805,North Carolina,114
1805,Oregon,NA
1805,Pennsylvania,NA
1805,South Carolina,NA
1805,South Dakota,NA
1805,Tennessee,NA
1805,Texas,NA
1805,Utah,NA
1805,Vermont,NA
1805,Virginia,NA
1805,Washington,NA
1805,Wyoming,NA
1806,Alabama,NA
1806,Alaska,NA
1806,Arizona,NA
1806,California,NA
1806,Colorado,NA
1806,Georgia,NA
1806,Idaho,NA
1806,Maryland,NA
1806,Michigan,NA
1806,Montana,NA
1806,Nevada,NA
1806,New Mexico,NA
1806,North Carolina,114
1806,Oregon,NA
1806,Pennsylvania,NA
1806,South Carolina,NA
1806,South Dakota,NA
1806,Tennessee,NA
1806,Texas,NA
1806,Utah,NA
1806,Vermont,NA
1806,Virginia,NA
1806,Washington,NA
1806,Wyoming,NA
1807,Alabama,NA
1807,Alaska,NA
1807,Arizona,NA
1807,California,NA
1807,Colorado,NA
1807,Georgia,NA
1807,Idaho,NA
1807,Maryland,NA
1807,Michigan,NA
1807,Montana,NA
1807,Nevada,NA
1807,New Mexico,NA
1807,North Carolina,114
1807,Oregon,NA
1807,Pennsylvania,NA
1807,South Carolina,NA
1807,South Dakota,NA
1807,Tennessee,NA
1807,Texas,NA
1807,Utah,NA
1807,Vermont,NA
1807,Virginia,NA
1807,Washington,NA
1807,Wyoming,NA
1808,Alabama,NA
1808,Alaska,NA
1808,Arizona,NA
1808,California,NA
1808,Colorado,NA
1808,Georgia,NA
1808,Idaho,NA
1808,Maryland,NA
1808,Michigan,NA
1808,Montana,NA
1808,Nevada,NA
1808,New Mexico,NA
1808,North Carolina,114
1808,Oregon,NA
1808,Pennsylvania,NA
1808,South Carolina,NA
1808,South Dakota,NA
1808,Tennessee,NA
1808,Texas,NA
1808,Utah,NA
1808,Vermont,NA
1808,Virginia,NA
1808,Washington,NA
1808,Wyoming,NA
1809,Alabama,NA
1809,Alaska,NA
1809,Arizona,NA
1809,California,NA
1809,Colorado,NA
1809,Georgia,NA
1809,Idaho,NA
1809,Maryland,NA
1809,Michigan,NA
1809,Montana,NA
1809,Nevada,NA
1809,New Mexico,NA
1809,North Carolina,114
1809,Oregon,NA
1809,Pennsylvania,NA
1809,South Carolina,NA
1809,South Dakota,NA
1809,Tennessee,NA
1809,Texas,NA
1809,Utah,NA
1809,Vermont,NA
1809,Virginia,NA
1809,Washington,NA
1809,Wyoming,NA
1810,Alabama,NA
1810,Alaska,NA
1810,Arizona,NA
1810,California,NA
1810,Colorado,NA
1810,Georgia,NA
1810,Idaho,NA
1810,Maryland,NA
1810,Michigan,NA
1810,Montana,NA
1810,Nevada,NA
1810,New Mexico,NA
1810,North Carolina,114
1810,Oregon,NA
1810,Pennsylvania,NA
1810,South Carolina,NA
1810,South Dakota,NA
1810,Tennessee,NA
1810,Texas,NA
1810,Utah,NA
1810,Vermont,NA
1810,Virginia,NA
1810,Washington,NA
1810,Wyoming,NA
1811,Alabama,NA
1811,Alaska,NA
1811,Arizona,NA
1811,California,NA
1811,Colorado,NA
1811,Georgia,NA
1811,Idaho,NA
1811,Maryland,NA
1811,Michigan,NA
1811,Montana,NA
1811,Nevada,NA
1811,New Mexico,NA
1811,North Carolina,114
1811,Oregon,NA
1811,Pennsylvania,NA
1811,South Carolina,NA
1811,South Dakota,NA
1811,Tennessee,NA
1811,Texas,NA
1811,Utah,NA
1811,Vermont,NA
1811,Virginia,NA
1811,Washington,NA
1811,Wyoming,NA
1812,Alabama,NA
1812,Alaska,NA
1812,Arizona,NA
1812,California,NA
1812,Colorado,NA
1812,Georgia,NA
1812,Idaho,NA
1812,Maryland,NA
1812,Michigan,NA
1812,Montana,NA
1812,Nevada,NA
1812,New Mexico,NA
1812,North Carolina,114
1812,Oregon,NA
1812,Pennsylvania,NA
1812,South Carolina,NA
1812,South Dakota,NA
1812,Tennessee,NA
1812,Texas,NA
1812,Utah,NA
1812,Vermont,NA
1812,Virginia,NA
1812,Washington,NA
1812,Wyoming,NA
1813,Alabama,NA
1813,Alaska,NA
1813,Arizona,NA
1813,California,NA
1813,Colorado,NA
1813,Georgia,NA
1813,Idaho,NA
1813,Maryland,NA
1813,Michigan,NA
1813,Montana,NA
1813,Nevada,NA
1813,New Mexico,NA
1813,North Carolina,114
1813,Oregon,NA
1813,Pennsylvania,NA
1813,South Carolina,NA
1813,South Dakota,NA
1813,Tennessee,NA
1813,Texas,NA
1813,Utah,NA
1813,Vermont,NA
1813,Virginia,NA
1813,Washington,NA
1813,Wyoming,NA
1814,Alabama,NA
1814,Alaska,NA
1814,Arizona,NA
1814,California,NA
1814,Colorado,NA
1814,Georgia,NA
1814,Idaho,NA
1814,Maryland,NA
1814,Michigan,NA
1814,Montana,NA
1814,Nevada,NA
1814,New Mexico,NA
1814,North Carolina,114
1814,Oregon,NA
1814,Pennsylvania,NA
1814,South Carolina,NA
1814,South Dakota,NA
1814,Tennessee,NA
1814,Texas,NA
1814,Utah,NA
1814,Vermont,NA
1814,Virginia,NA
1814,Washington,NA
1814,Wyoming,NA
1815,Alabama,NA
1815,Alaska,NA
1815,Arizona,NA
1815,California,NA
1815,Colorado,NA
1815,Georgia,NA
1815,Idaho,NA
1815,Maryland,NA
1815,Michigan,NA
1815,Montana,NA
1815,Nevada,NA
1815,New Mexico,NA
1815,North Carolina,114
1815,Oregon,NA
1815,Pennsylvania,NA
1815,South Carolina,NA
1815,South Dakota,NA
1815,Tennessee,NA
1815,Texas,NA
1815,Utah,NA
1815,Vermont,NA
1815,Virginia,NA
1815,Washington,NA
1815,Wyoming,NA
1816,Alabama,NA
1816,Alaska,NA
1816,Arizona,NA
1816,California,NA
1816,Colorado,NA
1816,Georgia,NA
1816,Idaho,NA
1816,Maryland,NA
1816,Michigan,NA
1816,Montana,NA
1816,Nevada,NA
1816,New Mexico,NA
1816,North Carolina,114
1816,Oregon,NA
1816,Pennsylvania,NA
1816,South Carolina,NA
1816,South Dakota,NA
1816,Tennessee,NA
1816,Texas,NA
1816,Utah,NA
1816,Vermont,NA
1816,Virginia,NA
1816,Washington,NA
1816,Wyoming,NA
1817,Alabama,NA
1817,Alaska,NA
1817,Arizona,NA
1817,California,NA
1817,Colorado,NA
1817,Georgia,NA
1817,Idaho,NA
1817,Maryland,NA
1817,Michigan,NA
1817,Montana,NA
1817,Nevada,NA
1817,New Mexico,NA
1817,North Carolina,114
1817,Oregon,NA
1817,Pennsylvania,NA
1817,South Carolina,NA
1817,South Dakota,NA
1817,Tennessee,NA
1817,Texas,NA
1817,Utah,NA
1817,Vermont,NA
1817,Virginia,NA
1817,Washington,NA
1817,Wyoming,NA
1818,Alabama,NA
1818,Alaska,NA
1818,Arizona,NA
1818,California,NA
1818,Colorado,NA
1818,Georgia,NA
1818,Idaho,NA
1818,Maryland,NA
1818,Michigan,NA
1818,Montana,NA
1818,Nevada,NA
1818,New Mexico,NA
1818,North Carolina,114
1818,Oregon,NA
1818,Pennsylvania,NA
1818,South Carolina,NA
1818,South Dakota,NA
1818,Tennessee,NA
1818,Texas,NA
1818,Utah,NA
1818,Vermont,NA
1818,Virginia,NA
1818,Washington,NA
1818,Wyoming,NA
1819,Alabama,NA
1819,Alaska,NA
1819,Arizona,NA
1819,California,NA
1819,Colorado,NA
1819,Georgia,NA
1819,Idaho,NA
1819,Maryland,NA
1819,Michigan,NA
1819,Montana,NA
1819,Nevada,NA
1819,New Mexico,NA
1819,North Carolina,114
1819,Oregon,NA
1819,Pennsylvania,NA
1819,South Carolina,NA
1819,South Dakota,NA
1819,Tennessee,NA
1819,Texas,NA
1819,Utah,NA
1819,Vermont,NA
1819,Virginia,NA
1819,Washington,NA
1819,Wyoming,NA
1820,Alabama,NA
1820,Alaska,NA
1820,Arizona,NA
1820,California,NA
1820,Colorado,NA
1820,Georgia,NA
1820,Idaho,NA
1820,Maryland,NA
1820,Michigan,NA
1820,Montana,NA
1820,Nevada,NA
1820,New Mexico,NA
1820,North Carolina,114
1820,Oregon,NA
1820,Pennsylvania,NA
1820,South Carolina,NA
1820,South Dakota,NA
1820,Tennessee,NA
1820,Texas,NA
1820,Utah,NA
1820,Vermont,NA
1820,Virginia,NA
1820,Washington,NA
1820,Wyoming,NA
1821,Alabama,NA
1821,Alaska,NA
1821,Arizona,NA
1821,California,NA
1821,Colorado,NA
1821,Georgia,NA
1821,Idaho,NA
1821,Maryland,NA
1821,Michigan,NA
1821,Montana,NA
1821,Nevada,NA
1821,New Mexico,NA
1821,North Carolina,114
1821,Oregon,NA
1821,Pennsylvania,NA
1821,South Carolina,NA
1821,South Dakota,NA
1821,Tennessee,NA
1821,Texas,NA
1821,Utah,NA
1821,Vermont,NA
1821,Virginia,NA
1821,Washington,NA
1821,Wyoming,NA
1822,Alabama,NA
1822,Alaska,NA
1822,Arizona,NA
1822,California,NA
1822,Colorado,NA
1822,Georgia,NA
1822,Idaho,NA
1822,Maryland,NA
1822,Michigan,NA
1822,Montana,NA
1822,Nevada,NA
1822,New Mexico,NA
1822,North Carolina,114
1822,Oregon,NA
1822,Pennsylvania,NA
1822,South Carolina,NA
1822,South Dakota,NA
1822,Tennessee,NA
1822,Texas,NA
1822,Utah,NA
1822,Vermont,NA
1822,Virginia,NA
1822,Washington,NA
1822,Wyoming,NA
1823,Alabama,NA
1823,Alaska,NA
1823,Arizona,NA
1823,California,NA
1823,Colorado,NA
1823,Georgia,NA
1823,Idaho,NA
1823,Maryland,NA
1823,Michigan,NA
1823,Montana,NA
1823,Nevada,NA
1823,New Mexico,NA
1823,North Carolina,114
1823,Oregon,NA
1823,Pennsylvania,NA
1823,South Carolina,NA
1823,South Dakota,NA
1823,Tennessee,NA
1823,Texas,NA
1823,Utah,NA
1823,Vermont,NA
1823,Virginia,NA
1823,Washington,NA
1823,Wyoming,NA
1824,Alabama,NA
1824,Alaska,NA
1824,Arizona,NA
1824,California,NA
1824,Colorado,NA
1824,Georgia,NA
1824,Idaho,NA
1824,Maryland,NA
1824,Michigan,NA
1824,Montana,NA
1824,Nevada,NA
1824,New Mexico,NA
1824,North Carolina,242
1824,Oregon,NA
1824,Pennsylvania,NA
1824,South Carolina,NA
1824,South Dakota,NA
1824,Tennessee,NA
1824,Texas,NA
1824,Utah,NA
1824,Vermont,NA
1824,Virginia,NA
1824,Washington,NA
1824,Wyoming,NA
1825,Alabama,NA
1825,Alaska,NA
1825,Arizona,NA
1825,California,NA
1825,Colorado,NA
1825,Georgia,NA
1825,Idaho,NA
1825,Maryland,NA
1825,Michigan,NA
1825,Montana,NA
1825,Nevada,NA
1825,New Mexico,NA
1825,North Carolina,822
1825,Oregon,NA
1825,Pennsylvania,NA
1825,South Carolina,NA
1825,South Dakota,NA
1825,Tennessee,NA
1825,Texas,NA
1825,Utah,NA
1825,Vermont,NA
1825,Virginia,NA
1825,Washington,NA
1825,Wyoming,NA
1826,Alabama,NA
1826,Alaska,NA
1826,Arizona,NA
1826,California,NA
1826,Colorado,NA
1826,Georgia,NA
1826,Idaho,NA
1826,Maryland,NA
1826,Michigan,NA
1826,Montana,NA
1826,Nevada,NA
1826,New Mexico,NA
1826,North Carolina,968
1826,Oregon,NA
1826,Pennsylvania,NA
1826,South Carolina,NA
1826,South Dakota,NA
1826,Tennessee,NA
1826,Texas,NA
1826,Utah,NA
1826,Vermont,NA
1826,Virginia,NA
1826,Washington,NA
1826,Wyoming,NA
1827,Alabama,NA
1827,Alaska,NA
1827,Arizona,NA
1827,California,NA
1827,Colorado,NA
1827,Georgia,NA
1827,Idaho,NA
1827,Maryland,NA
1827,Michigan,NA
1827,Montana,NA
1827,Nevada,NA
1827,New Mexico,NA
1827,North Carolina,1016
1827,Oregon,NA
1827,Pennsylvania,NA
1827,South Carolina,NA
1827,South Dakota,NA
1827,Tennessee,NA
1827,Texas,NA
1827,Utah,NA
1827,Vermont,NA
1827,Virginia,NA
1827,Washington,NA
1827,Wyoming,NA
1828,Alabama,NA
1828,Alaska,NA
1828,Arizona,NA
1828,California,NA
1828,Colorado,NA
1828,Georgia,NA
1828,Idaho,NA
1828,Maryland,NA
1828,Michigan,NA
1828,Montana,NA
1828,Nevada,NA
1828,New Mexico,NA
1828,North Carolina,2225
1828,Oregon,NA
1828,Pennsylvania,NA
1828,South Carolina,NA
1828,South Dakota,NA
1828,Tennessee,NA
1828,Texas,NA
1828,Utah,NA
1828,Vermont,NA
1828,Virginia,NA
1828,Washington,NA
1828,Wyoming,NA
1829,Alabama,NA
1829,Alaska,NA
1829,Arizona,NA
1829,California,NA
1829,Colorado,NA
1829,Georgia,NA
1829,Idaho,NA
1829,Maryland,NA
1829,Michigan,NA
1829,Montana,NA
1829,Nevada,NA
1829,New Mexico,NA
1829,North Carolina,6483
1829,Oregon,NA
1829,Pennsylvania,NA
1829,South Carolina,169
1829,South Dakota,NA
1829,Tennessee,NA
1829,Texas,NA
1829,Utah,NA
1829,Vermont,NA
1829,Virginia,NA
1829,Washington,121
1829,Wyoming,NA
1830,Alabama,NA
1830,Alaska,NA
1830,Arizona,NA
1830,California,NA
1830,Colorado,NA
1830,Georgia,10256
1830,Idaho,NA
1830,Maryland,NA
1830,Michigan,NA
1830,Montana,NA
1830,Nevada,NA
1830,New Mexico,NA
1830,North Carolina,9869
1830,Oregon,NA
1830,Pennsylvania,NA
1830,South Carolina,1258
1830,South Dakota,NA
1830,Tennessee,NA
1830,Texas,NA
1830,Utah,NA
1830,Vermont,NA
1830,Virginia,NA
1830,Washington,1161
1830,Wyoming,NA
1831,Alabama,31
1831,Alaska,NA
1831,Arizona,NA
1831,California,NA
1831,Colorado,NA
1831,Georgia,8515
1831,Idaho,NA
1831,Maryland,NA
1831,Michigan,NA
1831,Montana,NA
1831,Nevada,NA
1831,New Mexico,NA
1831,North Carolina,14224
1831,Oregon,NA
1831,Pennsylvania,NA
1831,South Carolina,1064
1831,South Dakota,NA
1831,Tennessee,48
1831,Texas,NA
1831,Utah,NA
1831,Vermont,NA
1831,Virginia,NA
1831,Washington,1258
1831,Wyoming,NA
1832,Alabama,NA
1832,Alaska,NA
1832,Arizona,NA
1832,California,NA
1832,Colorado,NA
1832,Georgia,6773
1832,Idaho,NA
1832,Maryland,NA
1832,Michigan,NA
1832,Montana,NA
1832,Nevada,NA
1832,New Mexico,NA
1832,North Carolina,22158
1832,Oregon,NA
1832,Pennsylvania,NA
1832,South Carolina,2177
1832,South Dakota,NA
1832,Tennessee,48
1832,Texas,NA
1832,Utah,NA
1832,Vermont,NA
1832,Virginia,NA
1832,Washington,1645
1832,Wyoming,NA
1833,Alabama,NA
1833,Alaska,NA
1833,Arizona,NA
1833,California,NA
1833,Colorado,NA
1833,Georgia,1045
1833,Idaho,NA
1833,Maryland,NA
1833,Michigan,NA
1833,Montana,NA
1833,Nevada,NA
1833,New Mexico,NA
1833,North Carolina,22980
1833,Oregon,NA
1833,Pennsylvania,NA
1833,South Carolina,3193
1833,South Dakota,NA
1833,Tennessee,339
1833,Texas,NA
1833,Utah,NA
1833,Vermont,NA
1833,Virginia,NA
1833,Washington,5031
1833,Wyoming,NA
1834,Alabama,NA
1834,Alaska,NA
1834,Arizona,NA
1834,California,NA
1834,Colorado,NA
1834,Georgia,20077
1834,Idaho,NA
1834,Maryland,NA
1834,Michigan,NA
1834,Montana,NA
1834,Nevada,NA
1834,New Mexico,NA
1834,North Carolina,18384
1834,Oregon,NA
1834,Pennsylvania,NA
1834,South Carolina,1838
1834,South Dakota,NA
1834,Tennessee,145
1834,Texas,NA
1834,Utah,NA
1834,Vermont,NA
1834,Virginia,NA
1834,Washington,3000
1834,Wyoming,NA
1835,Alabama,NA
1835,Alaska,NA
1835,Arizona,NA
1835,California,NA
1835,Colorado,NA
1835,Georgia,15477
1835,Idaho,NA
1835,Maryland,NA
1835,Michigan,NA
1835,Montana,NA
1835,Nevada,NA
1835,New Mexico,NA
1835,North Carolina,12724
1835,Oregon,NA
1835,Pennsylvania,NA
1835,South Carolina,2051
1835,South Dakota,NA
1835,Tennessee,5
1835,Texas,NA
1835,Utah,NA
1835,Vermont,NA
1835,Virginia,NA
1835,Washington,2922
1835,Wyoming,NA
1836,Alabama,NA
1836,Alaska,NA
1836,Arizona,NA
1836,California,NA
1836,Colorado,NA
1836,Georgia,9744
1836,Idaho,NA
1836,Maryland,NA
1836,Michigan,NA
1836,Montana,NA
1836,Nevada,NA
1836,New Mexico,NA
1836,North Carolina,7165
1836,Oregon,NA
1836,Pennsylvania,NA
1836,South Carolina,2671
1836,South Dakota,NA
1836,Tennessee,15
1836,Texas,NA
1836,Utah,NA
1836,Vermont,NA
1836,Virginia,NA
1836,Washington,3000
1836,Wyoming,NA
1837,Alabama,NA
1837,Alaska,NA
1837,Arizona,NA
1837,California,NA
1837,Colorado,NA
1837,Georgia,4045
1837,Idaho,NA
1837,Maryland,NA
1837,Michigan,NA
1837,Montana,NA
1837,Nevada,NA
1837,New Mexico,NA
1837,North Carolina,5656
1837,Oregon,NA
1837,Pennsylvania,NA
1837,South Carolina,1422
1837,South Dakota,NA
1837,Tennessee,NA
1837,Texas,NA
1837,Utah,NA
1837,Vermont,NA
1837,Virginia,NA
1837,Washington,2521
1837,Wyoming,NA
1838,Alabama,526
1838,Alaska,NA
1838,Arizona,NA
1838,California,NA
1838,Colorado,NA
1838,Georgia,16331
1838,Idaho,NA
1838,Maryland,NA
1838,Michigan,NA
1838,Montana,NA
1838,Nevada,NA
1838,New Mexico,NA
1838,North Carolina,14023
1838,Oregon,NA
1838,Pennsylvania,NA
1838,South Carolina,1959
1838,South Dakota,NA
1838,Tennessee,73
1838,Texas,NA
1838,Utah,NA
1838,Vermont,NA
1838,Virginia,NA
1838,Washington,2661
1838,Wyoming,NA
1839,Alabama,526
1839,Alaska,NA
1839,Arizona,NA
1839,California,NA
1839,Colorado,NA
1839,Georgia,15572
1839,Idaho,NA
1839,Maryland,NA
1839,Michigan,NA
1839,Montana,NA
1839,Nevada,NA
1839,New Mexico,NA
1839,North Carolina,14023
1839,Oregon,NA
1839,Pennsylvania,NA
1839,South Carolina,1959
1839,South Dakota,NA
1839,Tennessee,15
1839,Texas,NA
1839,Utah,NA
1839,Vermont,NA
1839,Virginia,NA
1839,Washington,2787
1839,Wyoming,NA
1840,Alabama,2962
1840,Alaska,NA
1840,Arizona,NA
1840,California,NA
1840,Colorado,NA
1840,Georgia,18998
1840,Idaho,NA
1840,Maryland,NA
1840,Michigan,NA
1840,Montana,NA
1840,Nevada,NA
1840,New Mexico,NA
1840,North Carolina,14023
1840,Oregon,NA
1840,Pennsylvania,NA
1840,South Carolina,1959
1840,South Dakota,NA
1840,Tennessee,5
1840,Texas,NA
1840,Utah,NA
1840,Vermont,NA
1840,Virginia,NA
1840,Washington,1887
1840,Wyoming,NA
1841,Alabama,617
1841,Alaska,NA
1841,Arizona,NA
1841,California,NA
1841,Colorado,NA
1841,Georgia,21353
1841,Idaho,NA
1841,Maryland,NA
1841,Michigan,NA
1841,Montana,NA
1841,Nevada,NA
1841,New Mexico,NA
1841,North Carolina,14023
1841,Oregon,NA
1841,Pennsylvania,NA
1841,South Carolina,1959
1841,South Dakota,NA
1841,Tennessee,59
1841,Texas,NA
1841,Utah,NA
1841,Vermont,NA
1841,Virginia,NA
1841,Washington,1245
1841,Wyoming,NA
1842,Alabama,796
1842,Alaska,NA
1842,Arizona,NA
1842,California,NA
1842,Colorado,NA
1842,Georgia,21860
1842,Idaho,NA
1842,Maryland,NA
1842,Michigan,NA
1842,Montana,NA
1842,Nevada,NA
1842,New Mexico,NA
1842,North Carolina,14023
1842,Oregon,NA
1842,Pennsylvania,NA
1842,South Carolina,1959
1842,South Dakota,NA
1842,Tennessee,1557
1842,Texas,NA
1842,Utah,NA
1842,Vermont,NA
1842,Virginia,NA
1842,Washington,2040
1842,Wyoming,NA
1843,Alabama,3788
1843,Alaska,NA
1843,Arizona,NA
1843,California,NA
1843,Colorado,NA
1843,Georgia,17329
1843,Idaho,NA
1843,Maryland,NA
1843,Michigan,NA
1843,Montana,NA
1843,Nevada,NA
1843,New Mexico,NA
1843,North Carolina,14023
1843,Oregon,NA
1843,Pennsylvania,NA
1843,South Carolina,1959
1843,South Dakota,NA
1843,Tennessee,135
1843,Texas,NA
1843,Utah,NA
1843,Vermont,NA
1843,Virginia,NA
1843,Washington,2329
1843,Wyoming,NA
1844,Alabama,4121
1844,Alaska,NA
1844,Arizona,NA
1844,California,NA
1844,Colorado,NA
1844,Georgia,16077
1844,Idaho,NA
1844,Maryland,NA
1844,Michigan,NA
1844,Montana,NA
1844,Nevada,NA
1844,New Mexico,NA
1844,North Carolina,14023
1844,Oregon,NA
1844,Pennsylvania,NA
1844,South Carolina,1959
1844,South Dakota,NA
1844,Tennessee,108
1844,Texas,NA
1844,Utah,NA
1844,Vermont,NA
1844,Virginia,NA
1844,Washington,1964
1844,Wyoming,NA
1845,Alabama,840
1845,Alaska,NA
1845,Arizona,NA
1845,California,NA
1845,Colorado,NA
1845,Georgia,15428
1845,Idaho,NA
1845,Maryland,NA
1845,Michigan,NA
1845,Montana,NA
1845,Nevada,NA
1845,New Mexico,NA
1845,North Carolina,14023
1845,Oregon,NA
1845,Pennsylvania,NA
1845,South Carolina,1959
1845,South Dakota,NA
1845,Tennessee,155
1845,Texas,NA
1845,Utah,NA
1845,Vermont,NA
1845,Virginia,NA
1845,Washington,4199
1845,Wyoming,NA
1846,Alabama,991
1846,Alaska,NA
1846,Arizona,NA
1846,California,NA
1846,Colorado,NA
1846,Georgia,15248
1846,Idaho,NA
1846,Maryland,NA
1846,Michigan,NA
1846,Montana,NA
1846,Nevada,NA
1846,New Mexico,NA
1846,North Carolina,14023
1846,Oregon,NA
1846,Pennsylvania,NA
1846,South Carolina,1959
1846,South Dakota,NA
1846,Tennessee,128
1846,Texas,NA
1846,Utah,NA
1846,Vermont,NA
1846,Virginia,NA
1846,Washington,2687
1846,Wyoming,NA
1847,Alabama,526
1847,Alaska,NA
1847,Arizona,NA
1847,California,NA
1847,Colorado,NA
1847,Georgia,15100
1847,Idaho,NA
1847,Maryland,NA
1847,Michigan,NA
1847,Montana,NA
1847,Nevada,NA
1847,New Mexico,NA
1847,North Carolina,14023
1847,Oregon,NA
1847,Pennsylvania,NA
1847,South Carolina,1959
1847,South Dakota,NA
1847,Tennessee,86
1847,Texas,NA
1847,Utah,NA
1847,Vermont,NA
1847,Virginia,NA
1847,Washington,3277
1847,Wyoming,NA
1848,Alabama,700
1848,Alaska,NA
1848,Arizona,NA
1848,California,11866
1848,Colorado,NA
1848,Georgia,12436
1848,Idaho,NA
1848,Maryland,NA
1848,Michigan,NA
1848,Montana,NA
1848,Nevada,NA
1848,New Mexico,3455
1848,North Carolina,22910
1848,Oregon,NA
1848,Pennsylvania,NA
1848,South Carolina,1963
1848,South Dakota,NA
1848,Tennessee,346
1848,Texas,NA
1848,Utah,NA
1848,Vermont,NA
1848,Virginia,NA
1848,Washington,2800
1848,Wyoming,NA
1849,Alabama,518
1849,Alaska,NA
1849,Arizona,NA
1849,California,491072
1849,Colorado,NA
1849,Georgia,11434
1849,Idaho,NA
1849,Maryland,NA
1849,Michigan,NA
1849,Montana,NA
1849,Nevada,NA
1849,New Mexico,3455
1849,North Carolina,23502
1849,Oregon,NA
1849,Pennsylvania,NA
1849,South Carolina,1188
1849,South Dakota,NA
1849,Tennessee,251
1849,Texas,NA
1849,Utah,NA
1849,Vermont,NA
1849,Virginia,NA
1849,Washington,6259
1849,Wyoming,NA
1850,Alabama,316
1850,Alaska,NA
1850,Arizona,NA
1850,California,1996586
1850,Colorado,NA
1850,Georgia,10140
1850,Idaho,NA
1850,Maryland,NA
1850,Michigan,NA
1850,Montana,NA
1850,Nevada,NA
1850,New Mexico,3455
1850,North Carolina,17200
1850,Oregon,NA
1850,Pennsylvania,NA
1850,South Carolina,941
1850,South Dakota,NA
1850,Tennessee,73
1850,Texas,NA
1850,Utah,NA
1850,Vermont,NA
1850,Virginia,NA
1850,Washington,3193
1850,Wyoming,NA
1851,Alabama,192
1851,Alaska,NA
1851,Arizona,NA
1851,California,3673512
1851,Colorado,NA
1851,Georgia,7606
1851,Idaho,NA
1851,Maryland,NA
1851,Michigan,NA
1851,Montana,NA
1851,Nevada,NA
1851,New Mexico,3455
1851,North Carolina,15814
1851,Oregon,NA
1851,Pennsylvania,NA
1851,South Carolina,1986
1851,South Dakota,NA
1851,Tennessee,115
1851,Texas,NA
1851,Utah,NA
1851,Vermont,NA
1851,Virginia,NA
1851,Washington,3341
1851,Wyoming,NA
1852,Alabama,12
1852,Alaska,NA
1852,Arizona,NA
1852,California,3932631
1852,Colorado,NA
1852,Georgia,4671
1852,Idaho,NA
1852,Maryland,NA
1852,Michigan,NA
1852,Montana,NA
1852,Nevada,NA
1852,New Mexico,3455
1852,North Carolina,19512
1852,Oregon,78775
1852,Pennsylvania,NA
1852,South Carolina,6142
1852,South Dakota,NA
1852,Tennessee,36
1852,Texas,NA
1852,Utah,NA
1852,Vermont,NA
1852,Virginia,NA
1852,Washington,4046
1852,Wyoming,NA
1853,Alabama,0
1853,Alaska,NA
1853,Arizona,NA
1853,California,3270803
1853,Colorado,NA
1853,Georgia,2849
1853,Idaho,NA
1853,Maryland,NA
1853,Michigan,NA
1853,Montana,NA
1853,Nevada,NA
1853,New Mexico,3455
1853,North Carolina,13334
1853,Oregon,78775
1853,Pennsylvania,NA
1853,South Carolina,4805
1853,South Dakota,NA
1853,Tennessee,7
1853,Texas,NA
1853,Utah,NA
1853,Vermont,NA
1853,Virginia,2525
1853,Washington,33493
1853,Wyoming,NA
1854,Alabama,12
1854,Alaska,NA
1854,Arizona,NA
1854,California,3358867
1854,Colorado,NA
1854,Georgia,2701
1854,Idaho,NA
1854,Maryland,NA
1854,Michigan,NA
1854,Montana,NA
1854,Nevada,NA
1854,New Mexico,3455
1854,North Carolina,10018
1854,Oregon,78775
1854,Pennsylvania,NA
1854,South Carolina,1771
1854,South Dakota,NA
1854,Tennessee,11
1854,Texas,NA
1854,Utah,NA
1854,Vermont,NA
1854,Virginia,1138
1854,Washington,33493
1854,Wyoming,NA
1855,Alabama,45
1855,Alaska,NA
1855,Arizona,NA
1855,California,2684106
1855,Colorado,NA
1855,Georgia,3460
1855,Idaho,NA
1855,Maryland,NA
1855,Michigan,NA
1855,Montana,NA
1855,Nevada,NA
1855,New Mexico,3455
1855,North Carolina,10954
1855,Oregon,78775
1855,Pennsylvania,NA
1855,South Carolina,1558
1855,South Dakota,NA
1855,Tennessee,NA
1855,Texas,NA
1855,Utah,NA
1855,Vermont,97
1855,Virginia,1513
1855,Washington,33493
1855,Wyoming,NA
1856,Alabama,11
1856,Alaska,NA
1856,Arizona,NA
1856,California,2782018
1856,Colorado,NA
1856,Georgia,4360
1856,Idaho,NA
1856,Maryland,NA
1856,Michigan,NA
1856,Montana,NA
1856,Nevada,NA
1856,New Mexico,3455
1856,North Carolina,8276
1856,Oregon,78775
1856,Pennsylvania,NA
1856,South Carolina,1730
1856,South Dakota,NA
1856,Tennessee,8
1856,Texas,NA
1856,Utah,NA
1856,Vermont,NA
1856,Virginia,1380
1856,Washington,33493
1856,Wyoming,NA
1857,Alabama,75
1857,Alaska,NA
1857,Arizona,NA
1857,California,2110513
1857,Colorado,NA
1857,Georgia,1891
1857,Idaho,NA
1857,Maryland,NA
1857,Michigan,NA
1857,Montana,NA
1857,Nevada,NA
1857,New Mexico,3455
1857,North Carolina,4058
1857,Oregon,78775
1857,Pennsylvania,NA
1857,South Carolina,644
1857,South Dakota,NA
1857,Tennessee,NA
1857,Texas,NA
1857,Utah,NA
1857,Vermont,NA
1857,Virginia,195
1857,Washington,33493
1857,Wyoming,NA
1858,Alabama,106
1858,Alaska,NA
1858,Arizona,23464
1858,California,2253846
1858,Colorado,121054
1858,Georgia,4391
1858,Idaho,NA
1858,Maryland,NA
1858,Michigan,NA
1858,Montana,NA
1858,Nevada,NA
1858,New Mexico,3455
1858,North Carolina,9325
1858,Oregon,78775
1858,Pennsylvania,NA
1858,South Carolina,2152
1858,South Dakota,NA
1858,Tennessee,13
1858,Texas,NA
1858,Utah,NA
1858,Vermont,2167
1858,Virginia,913
1858,Washington,33493
1858,Wyoming,NA
1859,Alabama,29
1859,Alaska,NA
1859,Arizona,23464
1859,California,2217829
1859,Colorado,121054
1859,Georgia,4449
1859,Idaho,NA
1859,Maryland,NA
1859,Michigan,NA
1859,Montana,NA
1859,Nevada,1451
1859,New Mexico,3455
1859,North Carolina,10381
1859,Oregon,78775
1859,Pennsylvania,NA
1859,South Carolina,1584
1859,South Dakota,NA
1859,Tennessee,12
1859,Texas,NA
1859,Utah,NA
1859,Vermont,NA
1859,Virginia,782
1859,Washington,33493
1859,Wyoming,NA
1860,Alabama,32
1860,Alaska,NA
1860,Arizona,23464
1860,California,2133104
1860,Colorado,121054
1860,Georgia,3024
1860,Idaho,NA
1860,Maryland,NA
1860,Michigan,NA
1860,Montana,NA
1860,Nevada,26600
1860,New Mexico,3455
1860,North Carolina,7556
1860,Oregon,78775
1860,Pennsylvania,NA
1860,South Carolina,97
1860,South Dakota,NA
1860,Tennessee,29
1860,Texas,NA
1860,Utah,NA
1860,Vermont,339
1860,Virginia,1045
1860,Washington,33493
1860,Wyoming,NA
1861,Alabama,44
1861,Alaska,NA
1861,Arizona,23464
1861,California,2026187
1861,Colorado,121054
1861,Georgia,2135
1861,Idaho,NA
1861,Maryland,NA
1861,Michigan,NA
1861,Montana,NA
1861,Nevada,121000
1861,New Mexico,3455
1861,North Carolina,536
1861,Oregon,78775
1861,Pennsylvania,NA
1861,South Carolina,3304
1861,South Dakota,NA
1861,Tennessee,NA
1861,Texas,NA
1861,Utah,NA
1861,Vermont,NA
1861,Virginia,536
1861,Washington,33493
1861,Wyoming,NA
1862,Alabama,0
1862,Alaska,NA
1862,Arizona,23464
1862,California,1879595
1862,Colorado,121054
1862,Georgia,78
1862,Idaho,NA
1862,Maryland,NA
1862,Michigan,NA
1862,Montana,25000
1862,Nevada,225000
1862,New Mexico,3455
1862,North Carolina,112
1862,Oregon,78775
1862,Pennsylvania,NA
1862,South Carolina,100
1862,South Dakota,NA
1862,Tennessee,NA
1862,Texas,NA
1862,Utah,NA
1862,Vermont,NA
1862,Virginia,15
1862,Washington,33493
1862,Wyoming,NA
1863,Alabama,0
1863,Alaska,NA
1863,Arizona,23464
1863,California,1136897
1863,Colorado,121054
1863,Georgia,12
1863,Idaho,350000
1863,Maryland,NA
1863,Michigan,NA
1863,Montana,400000
1863,Nevada,239000
1863,New Mexico,3455
1863,North Carolina,63
1863,Oregon,78775
1863,Pennsylvania,NA
1863,South Carolina,0
1863,South Dakota,NA
1863,Tennessee,NA
1863,Texas,NA
1863,Utah,NA
1863,Vermont,NA
1863,Virginia,3
1863,Washington,33493
1863,Wyoming,NA
1864,Alabama,0
1864,Alaska,NA
1864,Arizona,23464
1864,California,1164455
1864,Colorado,121054
1864,Georgia,0
1864,Idaho,323000
1864,Maryland,NA
1864,Michigan,NA
1864,Montana,650000
1864,Nevada,309600
1864,New Mexico,3455
1864,North Carolina,295
1864,Oregon,149976
1864,Pennsylvania,NA
1864,South Carolina,0
1864,South Dakota,NA
1864,Tennessee,NA
1864,Texas,NA
1864,Utah,NA
1864,Vermont,NA
1864,Virginia,0
1864,Washington,33493
1864,Wyoming,NA
1865,Alabama,110
1865,Alaska,NA
1865,Arizona,23464
1865,California,867405
1865,Colorado,121054
1865,Georgia,671
1865,Idaho,329100
1865,Maryland,NA
1865,Michigan,NA
1865,Montana,725000
1865,Nevada,296676
1865,New Mexico,3455
1865,North Carolina,614
1865,Oregon,140300
1865,Pennsylvania,NA
1865,South Carolina,0
1865,South Dakota,NA
1865,Tennessee,NA
1865,Texas,NA
1865,Utah,2700
1865,Vermont,NA
1865,Virginia,44
1865,Washington,33493
1865,Wyoming,NA
1866,Alabama,55
1866,Alaska,NA
1866,Arizona,23464
1866,California,828367
1866,Colorado,121054
1866,Georgia,2343
1866,Idaho,401200
1866,Maryland,NA
1866,Michigan,NA
1866,Montana,900000
1866,Nevada,288437
1866,New Mexico,3455
1866,North Carolina,6818
1866,Oregon,193517
1866,Pennsylvania,NA
1866,South Carolina,34
1866,South Dakota,NA
1866,Tennessee,NA
1866,Texas,NA
1866,Utah,4100
1866,Vermont,NA
1866,Virginia,503
1866,Washington,48379
1866,Wyoming,NA
1867,Alabama,21
1867,Alaska,NA
1867,Arizona,23464
1867,California,883591
1867,Colorado,121054
1867,Georgia,1391
1867,Idaho,325000
1867,Maryland,NA
1867,Michigan,NA
1867,Montana,600000
1867,Nevada,265814
1867,New Mexico,3455
1867,North Carolina,3208
1867,Oregon,72569
1867,Pennsylvania,NA
1867,South Carolina,58
1867,South Dakota,NA
1867,Tennessee,NA
1867,Texas,NA
1867,Utah,4670
1867,Vermont,NA
1867,Virginia,494
1867,Washington,19352
1867,Wyoming,416
1868,Alabama,7
1868,Alaska,NA
1868,Arizona,19352
1868,California,849265
1868,Colorado,97300
1868,Georgia,2543
1868,Idaho,350000
1868,Maryland,7
1868,Michigan,NA
1868,Montana,750000
1868,Nevada,164066
1868,New Mexico,3455
1868,North Carolina,4350
1868,Oregon,96759
1868,Pennsylvania,NA
1868,South Carolina,78
1868,South Dakota,NA
1868,Tennessee,NA
1868,Texas,NA
1868,Utah,8000
1868,Vermont,NA
1868,Virginia,542
1868,Washington,19352
1868,Wyoming,3750
1869,Alabama,61
1869,Alaska,NA
1869,Arizona,29028
1869,California,881830
1869,Colorado,153800
1869,Georgia,2651
1869,Idaho,350000
1869,Maryland,4
1869,Michigan,NA
1869,Montana,450000
1869,Nevada,143283
1869,New Mexico,23080
1869,North Carolina,5645
1869,Oregon,72569
1869,Pennsylvania,NA
1869,South Carolina,308
1869,South Dakota,NA
1869,Tennessee,6
1869,Texas,NA
1869,Utah,9068
1869,Vermont,NA
1869,Virginia,601
1869,Washington,14514
1869,Wyoming,7500
1870,Alabama,119
1870,Alaska,NA
1870,Arizona,24190
1870,California,844537
1870,Colorado,145800
1870,Georgia,2101
1870,Idaho,300000
1870,Maryland,NA
1870,Michigan,NA
1870,Montana,455000
1870,Nevada,168411
1870,New Mexico,24594
1870,North Carolina,4892
1870,Oregon,72569
1870,Pennsylvania,NA
1870,South Carolina,414
1870,South Dakota,NA
1870,Tennessee,NA
1870,Texas,NA
1870,Utah,14512
1870,Vermont,NA
1870,Virginia,67
1870,Washington,14514
1870,Wyoming,7500
1871,Alabama,277
1871,Alaska,NA
1871,Arizona,24190
1871,California,845493
1871,Colorado,175700
1871,Georgia,2109
1871,Idaho,250000
1871,Maryland,4
1871,Michigan,NA
1871,Montana,402500
1871,Nevada,198307
1871,New Mexico,19350
1871,North Carolina,4633
1871,Oregon,60474
1871,Pennsylvania,NA
1871,South Carolina,225
1871,South Dakota,NA
1871,Tennessee,NA
1871,Texas,NA
1871,Utah,11063
1871,Vermont,NA
1871,Virginia,333
1871,Washington,15487
1871,Wyoming,7500
1872,Alabama,96
1872,Alaska,NA
1872,Arizona,21771
1872,California,748951
1872,Colorado,128000
1872,Georgia,1815
1872,Idaho,134800
1872,Maryland,NA
1872,Michigan,NA
1872,Montana,303700
1872,Nevada,236749
1872,New Mexico,24187
1872,North Carolina,5557
1872,Oregon,48379
1872,Pennsylvania,NA
1872,South Carolina,149
1872,South Dakota,NA
1872,Tennessee,NA
1872,Texas,NA
1872,Utah,8500
1872,Vermont,NA
1872,Virginia,318
1872,Washington,12579
1872,Wyoming,4840
1873,Alabama,29
1873,Alaska,NA
1873,Arizona,14514
1873,California,726554
1873,Colorado,97500
1873,Georgia,1714
1873,Idaho,125000
1873,Maryland,NA
1873,Michigan,NA
1873,Montana,258900
1873,Nevada,419309
1873,New Mexico,24187
1873,North Carolina,5822
1873,Oregon,33295
1873,Pennsylvania,NA
1873,South Carolina,8
1873,South Dakota,NA
1873,Tennessee,NA
1873,Texas,NA
1873,Utah,2536
1873,Vermont,NA
1873,Virginia,117
1873,Washington,9983
1873,Wyoming,2420
1874,Alabama,13
1874,Alaska,NA
1874,Arizona,14514
1874,California,835186
1874,Colorado,104200
1874,Georgia,1498
1874,Idaho,100000
1874,Maryland,10
1874,Michigan,NA
1874,Montana,200000
1874,Nevada,434880
1874,New Mexico,24187
1874,North Carolina,5180
1874,Oregon,14733
1874,Pennsylvania,NA
1874,South Carolina,43
1874,South Dakota,NA
1874,Tennessee,NA
1874,Texas,NA
1874,Utah,13608
1874,Vermont,NA
1874,Virginia,105
1874,Washington,7476
1874,Wyoming,1210
1875,Alabama,18
1875,Alaska,NA
1875,Arizona,21771
1875,California,816377
1875,Colorado,107700
1875,Georgia,1871
1875,Idaho,64000
1875,Maryland,NA
1875,Michigan,NA
1875,Montana,132346
1875,Nevada,499672
1875,New Mexico,4837
1875,North Carolina,5255
1875,Oregon,30164
1875,Pennsylvania,NA
1875,South Carolina,64
1875,South Dakota,70
1875,Tennessee,15
1875,Texas,NA
1875,Utah,8793
1875,Vermont,NA
1875,Virginia,72
1875,Washington,3964
1875,Wyoming,485
1876,Alabama,26
1876,Alaska,NA
1876,Arizona,24190
1876,California,755169
1876,Colorado,132000
1876,Georgia,2016
1876,Idaho,41000
1876,Maryland,NA
1876,Michigan,NA
1876,Montana,217223
1876,Nevada,611757
1876,New Mexico,3721
1876,North Carolina,4411
1876,Oregon,40000
1876,Pennsylvania,NA
1876,South Carolina,54
1876,South Dakota,60000
1876,Tennessee,21
1876,Texas,NA
1876,Utah,8820
1876,Vermont,NA
1876,Virginia,161
1876,Washington,1306
1876,Wyoming,485
1877,Alabama,120
1877,Alaska,NA
1877,Arizona,26609
1877,California,798249
1877,Colorado,152300
1877,Georgia,3507
1877,Idaho,82500
1877,Maryland,NA
1877,Michigan,NA
1877,Montana,149976
1877,Nevada,905453
1877,New Mexico,8466
1877,North Carolina,3872
1877,Oregon,48379
1877,Pennsylvania,NA
1877,South Carolina,45
1877,South Dakota,100606
1877,Tennessee,16
1877,Texas,NA
1877,Utah,17323
1877,Vermont,NA
1877,Virginia,133
1877,Washington,14514
1877,Wyoming,485
1878,Alabama,85
1878,Alaska,NA
1878,Arizona,31447
1878,California,911343
1878,Colorado,157000
1878,Georgia,3689
1878,Idaho,63300
1878,Maryland,NA
1878,Michigan,NA
1878,Montana,109362
1878,Nevada,1025256
1878,New Mexico,8455
1878,North Carolina,3634
1878,Oregon,48379
1878,Pennsylvania,NA
1878,South Carolina,101
1878,South Dakota,157356
1878,Tennessee,15
1878,Texas,NA
1878,Utah,13394
1878,Vermont,NA
1878,Virginia,357
1878,Washington,14514
1878,Wyoming,485
1879,Alabama,91
1879,Alaska,NA
1879,Arizona,29028
1879,California,949439
1879,Colorado,154700
1879,Georgia,4354
1879,Idaho,81400
1879,Maryland,NA
1879,Michigan,NA
1879,Montana,115627
1879,Nevada,435375
1879,New Mexico,6047
1879,North Carolina,3971
1879,Oregon,55636
1879,Pennsylvania,NA
1879,South Carolina,263
1879,South Dakota,117067
1879,Tennessee,82
1879,Texas,NA
1879,Utah,15730
1879,Vermont,968
1879,Virginia,708
1879,Washington,3628
1879,Wyoming,485
1880,Alabama,48
1880,Alaska,967
1880,Arizona,33865
1880,California,968986
1880,Colorado,157500
1880,Georgia,5806
1880,Idaho,99435
1880,Maryland,12
1880,Michigan,NA
1880,Montana,87361
1880,Nevada,232200
1880,New Mexico,6047
1880,North Carolina,4596
1880,Oregon,52734
1880,Pennsylvania,NA
1880,South Carolina,726
1880,South Dakota,174150
1880,Tennessee,73
1880,Texas,NA
1880,Utah,8020
1880,Vermont,NA
1880,Virginia,556
1880,Washington,6570
1880,Wyoming,970
1881,Alabama,48
1881,Alaska,1935
1881,Arizona,51282
1881,California,929920
1881,Colorado,159800
1881,Georgia,6047
1881,Idaho,85000
1881,Maryland,24
1881,Michigan,NA
1881,Montana,115626
1881,Nevada,108882
1881,New Mexico,8949
1881,North Carolina,5564
1881,Oregon,53217
1881,Pennsylvania,NA
1881,South Carolina,1693
1881,South Dakota,193500
1881,Tennessee,85
1881,Texas,NA
1881,Utah,6982
1881,Vermont,NA
1881,Virginia,484
1881,Washington,5806
1881,Wyoming,242
1882,Alabama,169
1882,Alaska,6975
1882,Arizona,51524
1882,California,829458
1882,Colorado,162600
1882,Georgia,12095
1882,Idaho,75000
1882,Maryland,48
1882,Michigan,NA
1882,Montana,123367
1882,Nevada,96759
1882,New Mexico,7256
1882,North Carolina,9192
1882,Oregon,40155
1882,Pennsylvania,NA
1882,South Carolina,1209
1882,South Dakota,159637
1882,Tennessee,12
1882,Texas,NA
1882,Utah,9039
1882,Vermont,NA
1882,Virginia,726
1882,Washington,5806
1882,Wyoming,242
1883,Alabama,290
1883,Alaska,14561
1883,Arizona,45960
1883,California,1176329
1883,Colorado,204000
1883,Georgia,9627
1883,Idaho,70000
1883,Maryland,24
1883,Michigan,40
1883,Montana,87082
1883,Nevada,121916
1883,New Mexico,13545
1883,North Carolina,8079
1883,Oregon,31930
1883,Pennsylvania,NA
1883,South Carolina,2733
1883,South Dakota,154800
1883,Tennessee,36
1883,Texas,NA
1883,Utah,6772
1883,Vermont,243
1883,Virginia,339
1883,Washington,3870
1883,Wyoming,194
1884,Alabama,242
1884,Alaska,9724
1884,Arizona,44988
1884,California,657900
1884,Colorado,203600
1884,Georgia,6628
1884,Idaho,62500
1884,Maryland,24
1884,Michigan,34
1884,Montana,104983
1884,Nevada,169328
1884,New Mexico,14513
1884,North Carolina,7596
1884,Oregon,31930
1884,Pennsylvania,NA
1884,South Carolina,2758
1884,South Dakota,159638
1884,Tennessee,15
1884,Texas,NA
1884,Utah,5805
1884,Vermont,3023
1884,Virginia,121
1884,Washington,3578
1884,Wyoming,290
1885,Alabama,290
1885,Alaska,13651
1885,Arizona,42570
1885,California,612478
1885,Colorado,203600
1885,Georgia,6580
1885,Idaho,93742
1885,Maryland,97
1885,Michigan,1422
1885,Montana,159651
1885,Nevada,149976
1885,New Mexico,38700
1885,North Carolina,7354
1885,Oregon,38704
1885,Pennsylvania,NA
1885,South Carolina,2080
1885,South Dakota,154800
1885,Tennessee,15
1885,Texas,NA
1885,Utah,8707
1885,Vermont,2903
1885,Virginia,169
1885,Washington,6104
1885,Wyoming,485
1886,Alabama,194
1886,Alaska,21575
1886,Arizona,53696
1886,California,711911
1886,Colorado,215200
1886,Georgia,7402
1886,Idaho,86980
1886,Maryland,48
1886,Michigan,1859
1886,Montana,214078
1886,Nevada,149492
1886,New Mexico,19350
1886,North Carolina,8466
1886,Oregon,47896
1886,Pennsylvania,NA
1886,South Carolina,1814
1886,South Dakota,130612
1886,Tennessee,24
1886,Texas,NA
1886,Utah,10449
1886,Vermont,NA
1886,Virginia,194
1886,Washington,7138
1886,Wyoming,360
1887,Alabama,121
1887,Alaska,32653
1887,Arizona,40155
1887,California,657349
1887,Colorado,193600
1887,Georgia,5346
1887,Idaho,104669
1887,Maryland,24
1887,Michigan,1560
1887,Montana,253029
1887,Nevada,120948
1887,New Mexico,24187
1887,North Carolina,10885
1887,Oregon,43541
1887,Pennsylvania,NA
1887,South Carolina,2419
1887,South Dakota,116110
1887,Tennessee,24
1887,Texas,NA
1887,Utah,10643
1887,Vermont,NA
1887,Virginia,706
1887,Washington,7765
1887,Wyoming,360
1888,Alabama,271
1888,Alaska,38596
1888,Arizona,42159
1888,California,616000
1888,Colorado,181700
1888,Georgia,5056
1888,Idaho,98003
1888,Maryland,169
1888,Michigan,2528
1888,Montana,203193
1888,Nevada,150537
1888,New Mexico,31540
1888,North Carolina,6580
1888,Oregon,39913
1888,Pennsylvania,NA
1888,South Carolina,1887
1888,South Dakota,125775
1888,Tennessee,53
1888,Texas,NA
1888,Utah,14029
1888,Vermont,NA
1888,Virginia,363
1888,Washington,7015
1888,Wyoming,360
1889,Alabama,128
1889,Alaska,43538
1889,Arizona,43537
1889,California,542425
1889,Colorado,187900
1889,Georgia,5228
1889,Idaho,99445
1889,Maryland,169
1889,Michigan,4349
1889,Montana,169327
1889,Nevada,119328
1889,New Mexico,39457
1889,North Carolina,7102
1889,Oregon,58055
1889,Pennsylvania,NA
1889,South Carolina,2267
1889,South Dakota,140287
1889,Tennessee,36
1889,Texas,NA
1889,Utah,24187
1889,Vermont,NA
1889,Virginia,199
1889,Washington,9372
1889,Wyoming,360
1890,Alabama,105
1890,Alaska,34840
1890,Arizona,48375
1890,California,595486
1890,Colorado,200950
1890,Georgia,4902
1890,Idaho,82080
1890,Maryland,821
1890,Michigan,3435
1890,Montana,165302
1890,Nevada,135462
1890,New Mexico,41119
1890,North Carolina,5733
1890,Oregon,52588
1890,Pennsylvania,NA
1890,South Carolina,4838
1890,South Dakota,154800
1890,Tennessee,48
1890,Texas,NA
1890,Utah,32895
1890,Vermont,NA
1890,Virginia,314
1890,Washington,9869
1890,Wyoming,360
1891,Alabama,109
1891,Alaska,42140
1891,Arizona,47166
1891,California,615759
1891,Colorado,222500
1891,Georgia,3900
1891,Idaho,81540
1891,Maryland,545
1891,Michigan,3079
1891,Montana,139816
1891,Nevada,45960
1891,New Mexico,43779
1891,North Carolina,4596
1891,Oregon,96498
1891,Pennsylvania,NA
1891,South Carolina,6047
1891,South Dakota,171131
1891,Tennessee,25
1891,Texas,NA
1891,Utah,31444
1891,Vermont,NA
1891,Virginia,324
1891,Washington,17992
1891,Wyoming,360
1892,Alabama,117
1892,Alaska,49650
1892,Arizona,51761
1892,California,608166
1892,Colorado,256400
1892,Georgia,4608
1892,Idaho,83271
1892,Maryland,48
1892,Michigan,2640
1892,Montana,139817
1892,Nevada,76021
1892,New Mexico,45956
1892,North Carolina,3801
1892,Oregon,72171
1892,Pennsylvania,NA
1892,South Carolina,5968
1892,South Dakota,178987
1892,Tennessee,49
1892,Texas,NA
1892,Utah,31936
1892,Vermont,NA
1892,Virginia,242
1892,Washington,18072
1892,Wyoming,360
1893,Alabama,308
1893,Alaska,47658
1893,Arizona,57286
1893,California,606564
1893,Colorado,364151
1893,Georgia,4856
1893,Idaho,81930
1893,Maryland,6
1893,Michigan,1960
1893,Montana,172989
1893,Nevada,46367
1893,New Mexico,44171
1893,North Carolina,2593
1893,Oregon,81807
1893,Pennsylvania,NA
1893,South Carolina,5999
1893,South Dakota,193809
1893,Tennessee,12
1893,Texas,NA
1893,Utah,41293
1893,Vermont,NA
1893,Virginia,299
1893,Washington,11050
1893,Wyoming,360
1894,Alabama,198
1894,Alaska,55750
1894,Arizona,86324
1894,California,670636
1894,Colorado,454000
1894,Georgia,4794
1894,Idaho,111687
1894,Maryland,47
1894,Michigan,2050
1894,Montana,176652
1894,Nevada,55042
1894,New Mexico,27465
1894,North Carolina,2330
1894,Oregon,102243
1894,Pennsylvania,NA
1894,South Carolina,4759
1894,South Dakota,159594
1894,Tennessee,16
1894,Texas,NA
1894,Utah,41991
1894,Vermont,NA
1894,Virginia,370
1894,Washington,112561
1894,Wyoming,360
1895,Alabama,224
1895,Alaska,110439
1895,Arizona,95072
1895,California,741798
1895,Colorado,644000
1895,Georgia,6190
1895,Idaho,125517
1895,Maryland,24
1895,Michigan,1682
1895,Montana,198422
1895,Nevada,75088
1895,New Mexico,23810
1895,North Carolina,2622
1895,Oregon,88906
1895,Pennsylvania,NA
1895,South Carolina,6212
1895,South Dakota,187187
1895,Tennessee,16
1895,Texas,NA
1895,Utah,66419
1895,Vermont,NA
1895,Virginia,305
1895,Washington,18053
1895,Wyoming,360
1896,Alabama,314
1896,Alaska,134590
1896,Arizona,125978
1896,California,831158
1896,Colorado,721000
1896,Georgia,7222
1896,Idaho,112409
1896,Maryland,50
1896,Michigan,1740
1896,Montana,209226
1896,Nevada,119404
1896,New Mexico,23017
1896,North Carolina,2143
1896,Oregon,62456
1896,Pennsylvania,NA
1896,South Carolina,3062
1896,South Dakota,240414
1896,Tennessee,28
1896,Texas,387
1896,Utah,91906
1896,Vermont,48
1896,Virginia,215
1896,Washington,19134
1896,Wyoming,692
1897,Alabama,409
1897,Alaska,114900
1897,Arizona,140089
1897,California,767779
1897,Colorado,947249
1897,Georgia,7461
1897,Idaho,102813
1897,Maryland,18
1897,Michigan,430
1897,Montana,206744
1897,Nevada,143983
1897,New Mexico,17221
1897,North Carolina,1674
1897,Oregon,65534
1897,Pennsylvania,NA
1897,South Carolina,4098
1897,South Dakota,275491
1897,Tennessee,7
1897,Texas,358
1897,Utah,83500
1897,Vermont,5
1897,Virginia,207
1897,Washington,21754
1897,Wyoming,542
1898,Alabama,318
1898,Alaska,108750
1898,Arizona,119249
1898,California,769476
1898,Colorado,1138584
1898,Georgia,6482
1898,Idaho,91689
1898,Maryland,43
1898,Michigan,5
1898,Montana,248014
1898,Nevada,144859
1898,New Mexico,26075
1898,North Carolina,4064
1898,Oregon,58862
1898,Pennsylvania,NA
1898,South Carolina,5041
1898,South Dakota,275723
1898,Tennessee,7
1898,Texas,14
1898,Utah,110556
1898,Vermont,NA
1898,Virginia,246
1898,Washington,29614
1898,Wyoming,257
1899,Alabama,231
1899,Alaska,270997
1899,Arizona,124135
1899,California,741881
1899,Colorado,1282471
1899,Georgia,5666
1899,Idaho,102106
1899,Maryland,57
1899,Michigan,5
1899,Montana,230270
1899,Nevada,107344
1899,New Mexico,28256
1899,North Carolina,1669
1899,Oregon,70991
1899,Pennsylvania,NA
1899,South Carolina,7746
1899,South Dakota,312962
1899,Tennessee,9
1899,Texas,334
1899,Utah,166933
1899,Vermont,5
1899,Virginia,374
1899,Washington,35287
1899,Wyoming,1413
1900,Alabama,127
1900,Alaska,395030
1900,Arizona,202856
1900,California,767390
1900,Colorado,1391487
1900,Georgia,6024
1900,Idaho,100525
1900,Maryland,19
1900,Michigan,1403
1900,Montana,227286
1900,Nevada,97050
1900,New Mexico,40292
1900,North Carolina,1379
1900,Oregon,83587
1900,Pennsylvania,NA
1900,South Carolina,5854
1900,South Dakota,298842
1900,Tennessee,15
1900,Texas,53
1900,Utah,192155
1900,Vermont,NA
1900,Virginia,172
1900,Washington,35435
1900,Wyoming,1655
1901,Alabama,183
1901,Alaska,335369
1901,Arizona,197515
1901,California,821845
1901,Colorado,1339112
1901,Georgia,7140
1901,Idaho,92750
1901,Maryland,7
1901,Michigan,1490
1901,Montana,229516
1901,Nevada,143374
1901,New Mexico,33302
1901,North Carolina,2685
1901,Oregon,88759
1901,Pennsylvania,NA
1901,South Carolina,2259
1901,South Dakota,313446
1901,Tennessee,12
1901,Texas,30
1901,Utah,178513
1901,Vermont,NA
1901,Virginia,313
1901,Washington,31990
1901,Wyoming,614
1902,Alabama,142
1902,Alaska,400709
1902,Arizona,198933
1902,California,818037
1902,Colorado,1380000
1902,Georgia,5165
1902,Idaho,73047
1902,Maryland,132
1902,Michigan,NA
1902,Montana,211591
1902,Nevada,140059
1902,New Mexico,25693
1902,North Carolina,4388
1902,Oregon,88884
1902,Pennsylvania,NA
1902,South Carolina,5897
1902,South Dakota,336952
1902,Tennessee,7
1902,Texas,NA
1902,Utah,174522
1902,Vermont,NA
1902,Virginia,208
1902,Washington,18117
1902,Wyoming,1879
1903,Alabama,237
1903,Alaska,420069
1903,Arizona,210799
1903,California,788544
1903,Colorado,1045252
1903,Georgia,3219
1903,Idaho,83737
1903,Maryland,24
1903,Michigan,NA
1903,Montana,213445
1903,Nevada,163892
1903,New Mexico,11833
1903,North Carolina,3411
1903,Oregon,65447
1903,Pennsylvania,NA
1903,South Carolina,4872
1903,South Dakota,330243
1903,Tennessee,3
1903,Texas,NA
1903,Utah,210144
1903,Vermont,NA
1903,Virginia,216
1903,Washington,24571
1903,Wyoming,175
1904,Alabama,1417
1904,Alaska,443115
1904,Arizona,168274
1904,California,901484
1904,Colorado,1172000
1904,Georgia,4689
1904,Idaho,82739
1904,Maryland,116
1904,Michigan,NA
1904,Montana,206419
1904,Nevada,244823
1904,New Mexico,18476
1904,North Carolina,5994
1904,Oregon,68321
1904,Pennsylvania,NA
1904,South Carolina,5893
1904,South Dakota,356264
1904,Tennessee,210
1904,Texas,9
1904,Utah,202657
1904,Vermont,NA
1904,Virginia,186
1904,Washington,15213
1904,Wyoming,837
1905,Alabama,2009
1905,Alaska,756101
1905,Arizona,135412
1905,California,914217
1905,Colorado,1224000
1905,Georgia,4688
1905,Idaho,52033
1905,Maryland,717
1905,Michigan,NA
1905,Montana,231914
1905,Nevada,254928
1905,New Mexico,15360
1905,North Carolina,6081
1905,Oregon,67978
1905,Pennsylvania,NA
1905,South Carolina,4601
1905,South Dakota,334460
1905,Tennessee,211
1905,Texas,92
1905,Utah,248692
1905,Vermont,NA
1905,Virginia,241
1905,Washington,19597
1905,Wyoming,1294
1906,Alabama,1206
1906,Alaska,1066030
1906,Arizona,143417
1906,California,906182
1906,Colorado,1110000
1906,Georgia,1502
1906,Idaho,55588
1906,Maryland,NA
1906,Michigan,NA
1906,Montana,216189
1906,Nevada,506565
1906,New Mexico,14175
1906,North Carolina,3973
1906,Oregon,66124
1906,Pennsylvania,NA
1906,South Carolina,3820
1906,South Dakota,319512
1906,Tennessee,234
1906,Texas,164
1906,Utah,252439
1906,Vermont,NA
1906,Virginia,718
1906,Washington,10723
1906,Wyoming,315
1907,Alabama,1257
1907,Alaska,936043
1907,Arizona,126613
1907,California,809214
1907,Colorado,982500
1907,Georgia,3135
1907,Idaho,60755
1907,Maryland,NA
1907,Michigan,NA
1907,Montana,158970
1907,Nevada,585311
1907,New Mexico,15963
1907,North Carolina,3976
1907,Oregon,54628
1907,Pennsylvania,NA
1907,South Carolina,2649
1907,South Dakota,200185
1907,Tennessee,185
1907,Texas,1
1907,Utah,247760
1907,Vermont,2
1907,Virginia,401
1907,Washington,12533
1907,Wyoming,452
1908,Alabama,1994
1908,Alaska,933290
1908,Arizona,117647
1908,California,907590
1908,Colorado,1092500
1908,Georgia,2719
1908,Idaho,69827
1908,Maryland,NA
1908,Michigan,NA
1908,Montana,147913
1908,Nevada,549682
1908,New Mexico,14452
1908,North Carolina,4716
1908,Oregon,41848
1908,Pennsylvania,211
1908,South Carolina,2598
1908,South Dakota,374529
1908,Tennessee,179
1908,Texas,NA
1908,Utah,179055
1908,Vermont,NA
1908,Virginia,119
1908,Washington,11719
1908,Wyoming,385
1909,Alabama,1415
1909,Alaska,987417
1909,Arizona,132427
1909,California,979007
1909,Colorado,1063000
1909,Georgia,2933
1909,Idaho,70329
1909,Maryland,NA
1909,Michigan,NA
1909,Montana,183414
1909,Nevada,785608
1909,New Mexico,11585
1909,North Carolina,1946
1909,Oregon,37828
1909,Pennsylvania,335
1909,South Carolina,535
1909,South Dakota,317998
1909,Tennessee,199
1909,Texas,16
1909,Utah,203492
1909,Vermont,NA
1909,Virginia,181
1909,Washington,17516
1909,Wyoming,198
1910,Alabama,1622
1910,Alaska,780131
1910,Arizona,152351
1910,California,953734
1910,Colorado,991500
1910,Georgia,1722
1910,Idaho,53060
1910,Maryland,NA
1910,Michigan,NA
1910,Montana,180462
1910,Nevada,913265
1910,New Mexico,23337
1910,North Carolina,3292
1910,Oregon,32870
1910,Pennsylvania,291
1910,South Carolina,1854
1910,South Dakota,260267
1910,Tennessee,151
1910,Texas,19
1910,Utah,195052
1910,Vermont,NA
1910,Virginia,43
1910,Washington,38130
1910,Wyoming,155
1911,Alabama,915
1911,Alaska,815276
1911,Arizona,165951
1911,California,954870
1911,Colorado,920000
1911,Georgia,1697
1911,Idaho,66389
1911,Maryland,5
1911,Michigan,NA
1911,Montana,179499
1911,Nevada,880106
1911,New Mexico,36901
1911,North Carolina,3400
1911,Oregon,30641
1911,Pennsylvania,NA
1911,South Carolina,987
1911,South Dakota,359904
1911,Tennessee,562
1911,Texas,1
1911,Utah,227217
1911,Vermont,NA
1911,Virginia,148
1911,Washington,41010
1911,Wyoming,929
1912,Alabama,809
1912,Alaska,829436
1912,Arizona,181997
1912,California,953640
1912,Colorado,900000
1912,Georgia,695
1912,Idaho,66816
1912,Maryland,NA
1912,Michigan,NA
1912,Montana,175371
1912,Nevada,650943
1912,New Mexico,37948
1912,North Carolina,8032
1912,Oregon,37251
1912,Pennsylvania,NA
1912,South Carolina,818
1912,South Dakota,381745
1912,Tennessee,400
1912,Texas,3
1912,Utah,206360
1912,Vermont,NA
1912,Virginia,11
1912,Washington,32945
1912,Wyoming,1076
1913,Alabama,537
1913,Alaska,755947
1913,Arizona,194657
1913,California,987187
1913,Colorado,878000
1913,Georgia,731
1913,Idaho,65043
1913,Maryland,NA
1913,Michigan,NA
1913,Montana,168995
1913,Nevada,570589
1913,New Mexico,42663
1913,North Carolina,6117
1913,Oregon,78740
1913,Pennsylvania,NA
1913,South Carolina,236
1913,South Dakota,354071
1913,Tennessee,367
1913,Texas,16
1913,Utah,172438
1913,Vermont,NA
1913,Virginia,29
1913,Washington,33685
1913,Wyoming,1170
1914,Alabama,579
1914,Alaska,762596
1914,Arizona,202167
1914,California,999113
1914,Colorado,962000
1914,Georgia,787
1914,Idaho,55744
1914,Maryland,11
1914,Michigan,NA
1914,Montana,199204
1914,Nevada,555402
1914,New Mexico,56681
1914,North Carolina,6344
1914,Oregon,76987
1914,Pennsylvania,NA
1914,South Carolina,356
1914,South Dakota,354758
1914,Tennessee,300
1914,Texas,11
1914,Utah,157961
1914,Vermont,NA
1914,Virginia,21
1914,Washington,26956
1914,Wyoming,242
1915,Alabama,254
1915,Alaska,807966
1915,Arizona,201531
1915,California,1085646
1915,Colorado,1084323
1915,Georgia,1733
1915,Idaho,57069
1915,Maryland,NA
1915,Michigan,NA
1915,Montana,242078
1915,Nevada,551683
1915,New Mexico,70681
1915,North Carolina,8321
1915,Oregon,90064
1915,Pennsylvania,NA
1915,South Carolina,183
1915,South Dakota,358280
1915,Tennessee,332
1915,Texas,73
1915,Utah,174590
1915,Vermont,NA
1915,Virginia,26
1915,Washington,18937
1915,Wyoming,706
1916,Alabama,418
1916,Alaska,834068
1916,Arizona,192801
1916,California,1035745
1916,Colorado,926566
1916,Georgia,1090
1916,Idaho,53977
1916,Maryland,NA
1916,Michigan,NA
1916,Montana,220130
1916,Nevada,428904
1916,New Mexico,66877
1916,North Carolina,1269
1916,Oregon,92018
1916,Pennsylvania,NA
1916,South Carolina,15
1916,South Dakota,360909
1916,Tennessee,278
1916,Texas,20
1916,Utah,172938
1916,Vermont,NA
1916,Virginia,43
1916,Washington,27947
1916,Wyoming,995
1917,Alabama,109
1917,Alaska,709049
1917,Arizona,245174
1917,California,971733
1917,Colorado,760901
1917,Georgia,333
1917,Idaho,38933
1917,Maryland,5
1917,Michigan,NA
1917,Montana,170147
1917,Nevada,336664
1917,New Mexico,51479
1917,North Carolina,590
1917,Oregon,72166
1917,Pennsylvania,NA
1917,South Carolina,52
1917,South Dakota,356245
1917,Tennessee,258
1917,Texas,1
1917,Utah,162306
1917,Vermont,3
1917,Virginia,65
1917,Washington,23818
1917,Wyoming,182
1918,Alabama,39
1918,Alaska,458641
1918,Arizona,262919
1918,California,799588
1918,Colorado,616864
1918,Georgia,285
1918,Idaho,33999
1918,Maryland,NA
1918,Michigan,NA
1918,Montana,150193
1918,Nevada,320239
1918,New Mexico,33030
1918,North Carolina,79
1918,Oregon,61459
1918,Pennsylvania,NA
1918,South Carolina,NA
1918,South Dakota,317598
1918,Tennessee,235
1918,Texas,1
1918,Utah,142666
1918,Vermont,4
1918,Virginia,19
1918,Washington,14739
1918,Wyoming,42
1919,Alabama,0
1919,Alaska,455984
1919,Arizona,217998
1919,California,807667
1919,Colorado,478265
1919,Georgia,37
1919,Idaho,34503
1919,Maryland,NA
1919,Michigan,NA
1919,Montana,107856
1919,Nevada,219695
1919,New Mexico,31717
1919,North Carolina,5
1919,Oregon,47303
1919,Pennsylvania,NA
1919,South Carolina,NA
1919,South Dakota,235250
1919,Tennessee,274
1919,Texas,1
1919,Utah,104464
1919,Vermont,18
1919,Virginia,NA
1919,Washington,12233
1919,Wyoming,4
1920,Alabama,14
1920,Alaska,404683
1920,Arizona,231529
1920,California,692297
1920,Colorado,366504
1920,Georgia,35
1920,Idaho,23419
1920,Maryland,NA
1920,Michigan,NA
1920,Montana,89550
1920,Nevada,172540
1920,New Mexico,23235
1920,North Carolina,72
1920,Oregon,49221
1920,Pennsylvania,NA
1920,South Carolina,NA
1920,South Dakota,226224
1920,Tennessee,282
1920,Texas,NA
1920,Utah,97454
1920,Vermont,NA
1920,Virginia,NA
1920,Washington,5847
1920,Wyoming,NA
1921,Alabama,0
1921,Alaska,390558
1921,Arizona,141753
1921,California,759721
1921,Colorado,330659
1921,Georgia,49
1921,Idaho,26400
1921,Maryland,NA
1921,Michigan,NA
1921,Montana,71632
1921,Nevada,160255
1921,New Mexico,9521
1921,North Carolina,156
1921,Oregon,42668
1921,Pennsylvania,NA
1921,South Carolina,NA
1921,South Dakota,319525
1921,Tennessee,238
1921,Texas,NA
1921,Utah,85619
1921,Vermont,NA
1921,Virginia,37
1921,Washington,6216
1921,Wyoming,3
1922,Alabama,0
1922,Alaska,359057
1922,Arizona,170480
1922,California,709678
1922,Colorado,308314
1922,Georgia,156
1922,Idaho,24256
1922,Maryland,NA
1922,Michigan,NA
1922,Montana,80146
1922,Nevada,159511
1922,New Mexico,19964
1922,North Carolina,94
1922,Oregon,25715
1922,Pennsylvania,126
1922,South Carolina,2
1922,South Dakota,315298
1922,Tennessee,209
1922,Texas,NA
1922,Utah,111110
1922,Vermont,NA
1922,Virginia,34
1922,Washington,9045
1922,Wyoming,58
1923,Alabama,6
1923,Alaska,289539
1923,Arizona,296109
1923,California,647210
1923,Colorado,318870
1923,Georgia,26
1923,Idaho,37124
1923,Maryland,NA
1923,Michigan,NA
1923,Montana,85079
1923,Nevada,204293
1923,New Mexico,26689
1923,North Carolina,68
1923,Oregon,24091
1923,Pennsylvania,157
1923,South Carolina,NA
1923,South Dakota,309905
1923,Tennessee,319
1923,Texas,39
1923,Utah,148825
1923,Vermont,NA
1923,Virginia,NA
1923,Washington,16549
1923,Wyoming,14
1924,Alabama,0
1924,Alaska,304072
1924,Arizona,235996
1924,California,636140
1924,Colorado,415692
1924,Georgia,32
1924,Idaho,26922
1924,Maryland,NA
1924,Michigan,NA
1924,Montana,97854
1924,Nevada,217963
1924,New Mexico,24804
1924,North Carolina,220
1924,Oregon,26695
1924,Pennsylvania,214
1924,South Carolina,NA
1924,South Dakota,295930
1924,Tennessee,329
1924,Texas,NA
1924,Utah,146487
1924,Vermont,NA
1924,Virginia,6
1924,Washington,14979
1924,Wyoming,NA
1925,Alabama,0
1925,Alaska,307679
1925,Arizona,201741
1925,California,632035
1925,Colorado,349607
1925,Georgia,468
1925,Idaho,20887
1925,Maryland,NA
1925,Michigan,NA
1925,Montana,82123
1925,Nevada,187105
1925,New Mexico,26561
1925,North Carolina,897
1925,Oregon,18983
1925,Pennsylvania,237
1925,South Carolina,NA
1925,South Dakota,289747
1925,Tennessee,359
1925,Texas,NA
1925,Utah,177803
1925,Vermont,NA
1925,Virginia,3
1925,Washington,11139
1925,Wyoming,NA
1926,Alabama,0
1926,Alaska,324450
1926,Arizona,234011
1926,California,576798
1926,Colorado,342607
1926,Georgia,149
1926,Idaho,13669
1926,Maryland,NA
1926,Michigan,NA
1926,Montana,60504
1926,Nevada,175382
1926,New Mexico,19631
1926,North Carolina,79
1926,Oregon,13243
1926,Pennsylvania,22
1926,South Carolina,15
1926,South Dakota,279529
1926,Tennessee,417
1926,Texas,110
1926,Utah,182763
1926,Vermont,2
1926,Virginia,11
1926,Washington,9342
1926,Wyoming,NA
1927,Alabama,0
1927,Alaska,286720
1927,Arizona,200495
1927,California,564586
1927,Colorado,255400
1927,Georgia,50
1927,Idaho,15315
1927,Maryland,NA
1927,Michigan,NA
1927,Montana,53541
1927,Nevada,150346
1927,New Mexico,29242
1927,North Carolina,49
1927,Oregon,14676
1927,Pennsylvania,300
1927,South Carolina,NA
1927,South Dakota,322032
1927,Tennessee,426
1927,Texas,396
1927,Utah,193909
1927,Vermont,NA
1927,Virginia,NA
1927,Washington,19515
1927,Wyoming,58
1928,Alabama,0
1928,Alaska,331140
1928,Arizona,191927
1928,California,521740
1928,Colorado,256644
1928,Georgia,44
1928,Idaho,20981
1928,Maryland,NA
1928,Michigan,NA
1928,Montana,58196
1928,Nevada,175158
1928,New Mexico,32912
1928,North Carolina,114
1928,Oregon,10931
1928,Pennsylvania,992
1928,South Carolina,10
1928,South Dakota,317379
1928,Tennessee,538
1928,Texas,498
1928,Utah,212560
1928,Vermont,NA
1928,Virginia,NA
1928,Washington,16312
1928,Wyoming,33
1929,Alabama,10
1929,Alaska,375438
1929,Arizona,202318
1929,California,412479
1929,Colorado,213708
1929,Georgia,125
1929,Idaho,20247
1929,Maryland,NA
1929,Michigan,NA
1929,Montana,54758
1929,Nevada,163711
1929,New Mexico,35177
1929,North Carolina,245
1929,Oregon,17092
1929,Pennsylvania,836
1929,South Carolina,NA
1929,South Dakota,316837
1929,Tennessee,565
1929,Texas,1279
1929,Utah,240420
1929,Vermont,NA
1929,Virginia,NA
1929,Washington,3720
1929,Wyoming,48
1930,Alabama,22
1930,Alaska,408983
1930,Arizona,169390
1930,California,457200
1930,Colorado,218540
1930,Georgia,203
1930,Idaho,21446
1930,Maryland,NA
1930,Michigan,NA
1930,Montana,43489
1930,Nevada,149064
1930,New Mexico,32370
1930,North Carolina,705
1930,Oregon,14401
1930,Pennsylvania,630
1930,South Carolina,NA
1930,South Dakota,407221
1930,Tennessee,696
1930,Texas,177
1930,Utah,208455
1930,Vermont,NA
1930,Virginia,NA
1930,Washington,4245
1930,Wyoming,443
1931,Alabama,20
1931,Alaska,459000
1931,Arizona,126186
1931,California,523135
1931,Colorado,233300
1931,Georgia,88
1931,Idaho,18362
1931,Maryland,NA
1931,Michigan,NA
1931,Montana,40116
1931,Nevada,142306
1931,New Mexico,31161
1931,North Carolina,368
1931,Oregon,15350
1931,Pennsylvania,252
1931,South Carolina,470
1931,South Dakota,432075
1931,Tennessee,403
1931,Texas,NA
1931,Utah,198740
1931,Vermont,NA
1931,Virginia,NA
1931,Washington,2904
1931,Wyoming,56
1932,Alabama,69
1932,Alaska,493860
1932,Arizona,66790
1932,California,569167
1932,Colorado,317928
1932,Georgia,279
1932,Idaho,46886
1932,Maryland,NA
1932,Michigan,NA
1932,Montana,40116
1932,Nevada,129720
1932,New Mexico,23208
1932,North Carolina,367
1932,Oregon,19861
1932,Pennsylvania,80
1932,South Carolina,71
1932,South Dakota,480338
1932,Tennessee,160
1932,Texas,9
1932,Utah,135256
1932,Vermont,NA
1932,Virginia,31
1932,Washington,5083
1932,Wyoming,257
1933,Alabama,4
1933,Alaska,469286
1933,Arizona,79993
1933,California,613579
1933,Colorado,242828
1933,Georgia,558
1933,Idaho,64592
1933,Maryland,14
1933,Michigan,10
1933,Montana,57822
1933,Nevada,98590
1933,New Mexico,26474
1933,North Carolina,725
1933,Oregon,20240
1933,Pennsylvania,209
1933,South Carolina,235
1933,South Dakota,512404
1933,Tennessee,223
1933,Texas,NA
1933,Utah,109130
1933,Vermont,NA
1933,Virginia,32
1933,Washington,4563
1933,Wyoming,2200
1934,Alabama,2781
1934,Alaska,537281
1934,Arizona,167024
1934,California,719064
1934,Colorado,324923
1934,Georgia,970
1934,Idaho,84817
1934,Maryland,NA
1934,Michigan,59
1934,Montana,97446
1934,Nevada,144275
1934,New Mexico,27307
1934,North Carolina,509
1934,Oregon,33712
1934,Pennsylvania,623
1934,South Carolina,642
1934,South Dakota,486119
1934,Tennessee,455
1934,Texas,359
1934,Utah,136582
1934,Vermont,NA
1934,Virginia,667
1934,Washington,8301
1934,Wyoming,4871
1935,Alabama,2227
1935,Alaska,469495
1935,Arizona,241755
1935,California,890430
1935,Colorado,349281
1935,Georgia,994
1935,Idaho,83821
1935,Maryland,NA
1935,Michigan,NA
1935,Montana,151088
1935,Nevada,188031
1935,New Mexico,33435
1935,North Carolina,2176
1935,Oregon,54160
1935,Pennsylvania,745
1935,South Carolina,2274
1935,South Dakota,567230
1935,Tennessee,423
1935,Texas,518
1935,Utah,184760
1935,Vermont,NA
1935,Virginia,653
1935,Washington,9739
1935,Wyoming,3715
1936,Alabama,4726
1936,Alaska,540580
1936,Arizona,322408
1936,California,1077442
1936,Colorado,366607
1936,Georgia,450
1936,Idaho,80291
1936,Maryland,668
1936,Michigan,NA
1936,Montana,180209
1936,Nevada,286370
1936,New Mexico,33037
1936,North Carolina,2037
1936,Oregon,60753
1936,Pennsylvania,890
1936,South Carolina,287
1936,South Dakota,586353
1936,Tennessee,410
1936,Texas,613
1936,Utah,223444
1936,Vermont,NA
1936,Virginia,909
1936,Washington,12217
1936,Wyoming,1964
1937,Alabama,2460
1937,Alaska,627940
1937,Arizona,332694
1937,California,1174578
1937,Colorado,368905
1937,Georgia,743
1937,Idaho,81861
1937,Maryland,1040
1937,Michigan,51
1937,Montana,202252
1937,Nevada,281332
1937,New Mexico,41171
1937,North Carolina,949
1937,Oregon,52662
1937,Pennsylvania,1348
1937,South Carolina,2483
1937,South Dakota,581544
1937,Tennessee,263
1937,Texas,562
1937,Utah,322759
1937,Vermont,NA
1937,Virginia,1396
1937,Washington,36310
1937,Wyoming,1776
1938,Alabama,41
1938,Alaska,662000
1938,Arizona,305043
1938,California,1311129
1938,Colorado,367468
1938,Georgia,872
1938,Idaho,103513
1938,Maryland,855
1938,Michigan,NA
1938,Montana,203313
1938,Nevada,296434
1938,New Mexico,43050
1938,North Carolina,1878
1938,Oregon,81729
1938,Pennsylvania,1422
1938,South Carolina,11681
1938,South Dakota,594847
1938,Tennessee,236
1938,Texas,439
1938,Utah,200630
1938,Vermont,NA
1938,Virginia,2943
1938,Washington,74175
1938,Wyoming,798
1939,Alabama,3
1939,Alaska,676780
1939,Arizona,316453
1939,California,1435264
1939,Colorado,366852
1939,Georgia,670
1939,Idaho,116900
1939,Maryland,72
1939,Michigan,NA
1939,Montana,264173
1939,Nevada,361518
1939,New Mexico,36979
1939,North Carolina,495
1939,Oregon,93372
1939,Pennsylvania,1815
1939,South Carolina,13833
1939,South Dakota,618536
1939,Tennessee,163
1939,Texas,324
1939,Utah,277751
1939,Vermont,NA
1939,Virginia,364
1939,Washington,90420
1939,Wyoming,583
1940,Alabama,5
1940,Alaska,755900
1940,Arizona,294807
1940,California,1455671
1940,Colorado,367336
1940,Georgia,961
1940,Idaho,146480
1940,Maryland,NA
1940,Michigan,NA
1940,Montana,272602
1940,Nevada,383933
1940,New Mexico,35943
1940,North Carolina,1943
1940,Oregon,113402
1940,Pennsylvania,1840
1940,South Carolina,13076
1940,South Dakota,586662
1940,Tennessee,173
1940,Texas,312
1940,Utah,355494
1940,Vermont,NA
1940,Virginia,458
1940,Washington,82136
1940,Wyoming,740
1941,Alabama,30
1941,Alaska,692314
1941,Arizona,315392
1941,California,1408793
1941,Colorado,380029
1941,Georgia,311
1941,Idaho,149816
1941,Maryland,NA
1941,Michigan,NA
1941,Montana,246475
1941,Nevada,366403
1941,New Mexico,27845
1941,North Carolina,3244
1941,Oregon,96565
1941,Pennsylvania,2422
1941,South Carolina,15508
1941,South Dakota,600637
1941,Tennessee,227
1941,Texas,306
1941,Utah,356501
1941,Vermont,NA
1941,Virginia,240
1941,Washington,84176
1941,Wyoming,478
1942,Alabama,1
1942,Alaska,487657
1942,Arizona,253651
1942,California,847997
1942,Colorado,268627
1942,Georgia,30
1942,Idaho,9502
1942,Maryland,NA
1942,Michigan,NA
1942,Montana,146892
1942,Nevada,295112
1942,New Mexico,11961
1942,North Carolina,4077
1942,Oregon,46233
1942,Pennsylvania,2499
1942,South Carolina,7824
1942,South Dakota,522098
1942,Tennessee,159
1942,Texas,236
1942,Utah,391544
1942,Vermont,NA
1942,Virginia,109
1942,Washington,75396
1942,Wyoming,23
1943,Alabama,0
1943,Alaska,99583
1943,Arizona,171810
1943,California,148328
1943,Colorado,137558
1943,Georgia,12
1943,Idaho,30808
1943,Maryland,NA
1943,Michigan,NA
1943,Montana,59586
1943,Nevada,144442
1943,New Mexico,5563
1943,North Carolina,131
1943,Oregon,1097
1943,Pennsylvania,2218
1943,South Carolina,147
1943,South Dakota,106444
1943,Tennessee,303
1943,Texas,4
1943,Utah,390470
1943,Vermont,17
1943,Virginia,50
1943,Washington,65244
1943,Wyoming,NA
1944,Alabama,0
1944,Alaska,49296
1944,Arizona,112162
1944,California,117373
1944,Colorado,111455
1944,Georgia,5
1944,Idaho,25008
1944,Maryland,NA
1944,Michigan,NA
1944,Montana,50021
1944,Nevada,119056
1944,New Mexico,6918
1944,North Carolina,21
1944,Oregon,1369
1944,Pennsylvania,2115
1944,South Carolina,NA
1944,South Dakota,11621
1944,Tennessee,222
1944,Texas,NA
1944,Utah,344223
1944,Vermont,100
1944,Virginia,132
1944,Washington,47277
1944,Wyoming,20
1945,Alabama,5
1945,Alaska,68117
1945,Arizona,77223
1945,California,147938
1945,Colorado,100935
1945,Georgia,0
1945,Idaho,17780
1945,Maryland,NA
1945,Michigan,NA
1945,Montana,44597
1945,Nevada,92265
1945,New Mexico,5604
1945,North Carolina,NA
1945,Oregon,4467
1945,Pennsylvania,1588
1945,South Carolina,NA
1945,South Dakota,55948
1945,Tennessee,148
1945,Texas,9
1945,Utah,279979
1945,Vermont,104
1945,Virginia,12
1945,Washington,57860
1945,Wyoming,2
1946,Alabama,1
1946,Alaska,226781
1946,Arizona,79024
1946,California,356824
1946,Colorado,142613
1946,Georgia,21
1946,Idaho,42975
1946,Maryland,NA
1946,Michigan,NA
1946,Montana,70507
1946,Nevada,90680
1946,New Mexico,4009
1946,North Carolina,NA
1946,Oregon,17598
1946,Pennsylvania,1150
1946,South Carolina,NA
1946,South Dakota,312247
1946,Tennessee,95
1946,Texas,45
1946,Utah,178533
1946,Vermont,165
1946,Virginia,12
1946,Washington,51168
1946,Wyoming,105
1947,Alabama,0
1947,Alaska,279988
1947,Arizona,95860
1947,California,431415
1947,Colorado,168279
1947,Georgia,76
1947,Idaho,64982
1947,Maryland,NA
1947,Michigan,NA
1947,Montana,90124
1947,Nevada,89063
1947,New Mexico,3146
1947,North Carolina,NA
1947,Oregon,18979
1947,Pennsylvania,1518
1947,South Carolina,NA
1947,South Dakota,407194
1947,Tennessee,303
1947,Texas,57
1947,Utah,421662
1947,Vermont,100
1947,Virginia,2
1947,Washington,34965
1947,Wyoming,1486
1948,Alabama,0
1948,Alaska,248395
1948,Arizona,109487
1948,California,428473
1948,Colorado,154802
1948,Georgia,19
1948,Idaho,58454
1948,Maryland,NA
1948,Michigan,NA
1948,Montana,73091
1948,Nevada,111532
1948,New Mexico,3414
1948,North Carolina,NA
1948,Oregon,14611
1948,Pennsylvania,2200
1948,South Carolina,NA
1948,South Dakota,377850
1948,Tennessee,156
1948,Texas,40
1948,Utah,368422
1948,Vermont,104
1948,Virginia,NA
1948,Washington,70075
1948,Wyoming,115
1949,Alabama,0
1949,Alaska,229416
1949,Arizona,108993
1949,California,417231
1949,Colorado,102618
1949,Georgia,18
1949,Idaho,77829
1949,Maryland,NA
1949,Michigan,NA
1949,Montana,52724
1949,Nevada,130399
1949,New Mexico,3249
1949,North Carolina,13
1949,Oregon,16226
1949,Pennsylvania,1645
1949,South Carolina,NA
1949,South Dakota,464650
1949,Tennessee,171
1949,Texas,49
1949,Utah,314058
1949,Vermont,120
1949,Virginia,NA
1949,Washington,71994
1949,Wyoming,389
1950,Alabama,0
1950,Alaska,289285
1950,Arizona,118313
1950,California,412118
1950,Colorado,130390
1950,Georgia,0
1950,Idaho,79652
1950,Maryland,20
1950,Michigan,NA
1950,Montana,51764
1950,Nevada,178447
1950,New Mexico,3414
1950,North Carolina,11058
1950,Oregon,1764
1950,Pennsylvania,NA
1950,South Carolina,NA
1950,South Dakota,567996
1950,Tennessee,160
1950,Texas,32
1950,Utah,457551
1950,Vermont,146
1950,Virginia,NA
1950,Washington,92117
1950,Wyoming,NA
1951,Alabama,NA
1951,Alaska,239628
1951,Arizona,116093
1951,California,339732
1951,Colorado,116503
1951,Georgia,3
1951,Idaho,45064
1951,Maryland,1
1951,Michigan,NA
1951,Montana,30502
1951,Nevada,121036
1951,New Mexico,3959
1951,North Carolina,7927
1951,Oregon,2179
1951,Pennsylvania,NA
1951,South Carolina,NA
1951,South Dakota,458101
1951,Tennessee,108
1951,Texas,39
1951,Utah,432216
1951,Vermont,156
1951,Virginia,NA
1951,Washington,67405
1951,Wyoming,9
1952,Alabama,NA
1952,Alaska,240571
1952,Arizona,112355
1952,California,258176
1952,Colorado,124594
1952,Georgia,0
1952,Idaho,32997
1952,Maryland,NA
1952,Michigan,NA
1952,Montana,24161
1952,Nevada,117203
1952,New Mexico,2949
1952,North Carolina,5509
1952,Oregon,1500
1952,Pennsylvania,NA
1952,South Carolina,NA
1952,South Dakota,482534
1952,Tennessee,241
1952,Texas,NA
1952,Utah,435507
1952,Vermont,162
1952,Virginia,NA
1952,Washington,54776
1952,Wyoming,1
1953,Alabama,NA
1953,Alaska,253771
1953,Arizona,112824
1953,California,234591
1953,Colorado,119218
1953,Georgia,2
1953,Idaho,1763
1953,Maryland,NA
1953,Michigan,NA
1953,Montana,24768
1953,Nevada,101799
1953,New Mexico,2614
1953,North Carolina,8488
1953,Oregon,1134
1953,Pennsylvania,NA
1953,South Carolina,NA
1953,South Dakota,534987
1953,Tennessee,293
1953,Texas,NA
1953,Utah,483430
1953,Vermont,171
1953,Virginia,NA
1953,Washington,62560
1953,Wyoming,1
1954,Alabama,NA
1954,Alaska,248511
1954,Arizona,114809
1954,California,237888
1954,Colorado,96146
1954,Georgia,0
1954,Idaho,13245
1954,Maryland,NA
1954,Michigan,NA
1954,Montana,23660
1954,Nevada,79067
1954,New Mexico,3539
1954,North Carolina,214
1954,Oregon,6520
1954,Pennsylvania,1317
1954,South Carolina,NA
1954,South Dakota,541445
1954,Tennessee,218
1954,Texas,NA
1954,Utah,403401
1954,Vermont,185
1954,Virginia,NA
1954,Washington,66740
1954,Wyoming,407
1955,Alabama,NA
1955,Alaska,249294
1955,Arizona,127616
1955,California,251737
1955,Colorado,88577
1955,Georgia,NA
1955,Idaho,10572
1955,Maryland,NA
1955,Michigan,NA
1955,Montana,28123
1955,Nevada,72913
1955,New Mexico,1917
1955,North Carolina,190
1955,Oregon,1708
1955,Pennsylvania,1610
1955,South Carolina,NA
1955,South Dakota,529865
1955,Tennessee,221
1955,Texas,NA
1955,Utah,441206
1955,Vermont,181
1955,Virginia,NA
1955,Washington,74360
1955,Wyoming,52
1956,Alabama,NA
1956,Alaska,204300
1956,Arizona,146110
1956,California,193816
1956,Colorado,97668
1956,Georgia,2
1956,Idaho,9210
1956,Maryland,NA
1956,Michigan,NA
1956,Montana,38121
1956,Nevada,68040
1956,New Mexico,3275
1956,North Carolina,882
1956,Oregon,2738
1956,Pennsylvania,1600
1956,South Carolina,NA
1956,South Dakota,568523
1956,Tennessee,189
1956,Texas,NA
1956,Utah,416031
1956,Vermont,229
1956,Virginia,NA
1956,Washington,70669
1956,Wyoming,762
1957,Alabama,NA
1957,Alaska,215467
1957,Arizona,152449
1957,California,170885
1957,Colorado,87928
1957,Georgia,NA
1957,Idaho,12301
1957,Maryland,NA
1957,Michigan,NA
1957,Montana,32766
1957,Nevada,76752
1957,New Mexico,3212
1957,North Carolina,1373
1957,Oregon,3381
1957,Pennsylvania,1600
1957,South Carolina,NA
1957,South Dakota,568130
1957,Tennessee,172
1957,Texas,NA
1957,Utah,378438
1957,Vermont,62
1957,Virginia,NA
1957,Washington,88108
1957,Wyoming,573
1958,Alabama,NA
1958,Alaska,186000
1958,Arizona,142979
1958,California,185400
1958,Colorado,79539
1958,Georgia,NA
1958,Idaho,15896
1958,Maryland,NA
1958,Michigan,NA
1958,Montana,26003
1958,Nevada,105087
1958,New Mexico,3378
1958,North Carolina,876
1958,Oregon,1423
1958,Pennsylvania,1600
1958,South Carolina,NA
1958,South Dakota,570830
1958,Tennessee,124
1958,Texas,NA
1958,Utah,307824
1958,Vermont,NA
1958,Virginia,NA
1958,Washington,111753
1958,Wyoming,117
1959,Alabama,NA
1959,Alaska,171000
1959,Arizona,124627
1959,California,146141
1959,Colorado,61097
1959,Georgia,NA
1959,Idaho,10479
1959,Maryland,NA
1959,Michigan,NA
1959,Montana,28551
1959,Nevada,113443
1959,New Mexico,3155
1959,North Carolina,965
1959,Oregon,900
1959,Pennsylvania,1600
1959,South Carolina,NA
1959,South Dakota,577730
1959,Tennessee,99
1959,Texas,NA
1959,Utah,239517
1959,Vermont,NA
1959,Virginia,NA
1959,Washington,116794
1959,Wyoming,NA
1960,Alabama,NA
1960,Alaska,180000
1960,Arizona,143064
1960,California,123713
1960,Colorado,61269
1960,Georgia,NA
1960,Idaho,6135
1960,Maryland,NA
1960,Michigan,NA
1960,Montana,45922
1960,Nevada,58187
1960,New Mexico,5423
1960,North Carolina,1826
1960,Oregon,900
1960,Pennsylvania,1600
1960,South Carolina,NA
1960,South Dakota,554771
1960,Tennessee,123
1960,Texas,NA
1960,Utah,368255
1960,Vermont,NA
1960,Virginia,NA
1960,Washington,127412
1960,Wyoming,40
1961,Alabama,NA
1961,Alaska,114228
1961,Arizona,145959
1961,California,97648
1961,Colorado,67515
1961,Georgia,NA
1961,Idaho,5718
1961,Maryland,NA
1961,Michigan,NA
1961,Montana,35377
1961,Nevada,54165
1961,New Mexico,6201
1961,North Carolina,2094
1961,Oregon,1054
1961,Pennsylvania,1600
1961,South Carolina,NA
1961,South Dakota,557855
1961,Tennessee,152
1961,Texas,NA
1961,Utah,342988
1961,Vermont,NA
1961,Virginia,NA
1961,Washington,115731
1961,Wyoming,1
1962,Alabama,NA
1962,Alaska,165142
1962,Arizona,137207
1962,California,106272
1962,Colorado,48882
1962,Georgia,NA
1962,Idaho,5845
1962,Maryland,NA
1962,Michigan,NA
1962,Montana,24387
1962,Nevada,62863
1962,New Mexico,7529
1962,North Carolina,460
1962,Oregon,900
1962,Pennsylvania,1600
1962,South Carolina,NA
1962,South Dakota,577232
1962,Tennessee,158
1962,Texas,NA
1962,Utah,311924
1962,Vermont,NA
1962,Virginia,NA
1962,Washington,92071
1962,Wyoming,4
1963,Alabama,NA
1963,Alaska,99000
1963,Arizona,140030
1963,California,86867
1963,Colorado,33605
1963,Georgia,NA
1963,Idaho,5477
1963,Maryland,NA
1963,Michigan,NA
1963,Montana,18520
1963,Nevada,98879
1963,New Mexico,7805
1963,North Carolina,33
1963,Oregon,1809
1963,Pennsylvania,1600
1963,South Carolina,NA
1963,South Dakota,576726
1963,Tennessee,137
1963,Texas,NA
1963,Utah,285907
1963,Vermont,NA
1963,Virginia,NA
1963,Washington,97038
1963,Wyoming,6
1964,Alabama,NA
1964,Alaska,58000
1964,Arizona,153676
1964,California,71028
1964,Colorado,42122
1964,Georgia,NA
1964,Idaho,5677
1964,Maryland,NA
1964,Michigan,NA
1964,Montana,29115
1964,Nevada,90469
1964,New Mexico,6110
1964,North Carolina,NA
1964,Oregon,900
1964,Pennsylvania,1600
1964,South Carolina,NA
1964,South Dakota,616913
1964,Tennessee,133
1964,Texas,NA
1964,Utah,287674
1964,Vermont,NA
1964,Virginia,NA
1964,Washington,92708
1964,Wyoming,3
1965,Alabama,NA
1965,Alaska,43000
1965,Arizona,150431
1965,California,62885
1965,Colorado,37228
1965,Georgia,NA
1965,Idaho,5078
1965,Maryland,NA
1965,Michigan,NA
1965,Montana,22772
1965,Nevada,229050
1965,New Mexico,9641
1965,North Carolina,NA
1965,Oregon,900
1965,Pennsylvania,1600
1965,South Carolina,NA
1965,South Dakota,628259
1965,Tennessee,122
1965,Texas,NA
1965,Utah,426299
1965,Vermont,NA
1965,Virginia,NA
1965,Washington,89074
1965,Wyoming,NA
1966,Alabama,NA
1966,Alaska,27325
1966,Arizona,142528
1966,California,64764
1966,Colorado,31915
1966,Georgia,NA
1966,Idaho,5056
1966,Maryland,NA
1966,Michigan,NA
1966,Montana,25009
1966,Nevada,366903
1966,New Mexico,9295
1966,North Carolina,NA
1966,Oregon,900
1966,Pennsylvania,1600
1966,South Carolina,NA
1966,South Dakota,606467
1966,Tennessee,141
1966,Texas,NA
1966,Utah,438736
1966,Vermont,NA
1966,Virginia,NA
1966,Washington,83400
1966,Wyoming,NA
1967,Alabama,NA
1967,Alaska,22948
1967,Arizona,80844
1967,California,40570
1967,Colorado,21181
1967,Georgia,NA
1967,Idaho,4838
1967,Maryland,NA
1967,Michigan,NA
1967,Montana,9786
1967,Nevada,434993
1967,New Mexico,5188
1967,North Carolina,NA
1967,Oregon,900
1967,Pennsylvania,1600
1967,South Carolina,NA
1967,South Dakota,601785
1967,Tennessee,181
1967,Texas,NA
1967,Utah,288350
1967,Vermont,NA
1967,Virginia,NA
1967,Washington,71737
1967,Wyoming,NA
1968,Alabama,NA
1968,Alaska,21000
1968,Arizona,95999
1968,California,15682
1968,Colorado,22638
1968,Georgia,NA
1968,Idaho,3227
1968,Maryland,NA
1968,Michigan,NA
1968,Montana,12799
1968,Nevada,317382
1968,New Mexico,6630
1968,North Carolina,NA
1968,Oregon,900
1968,Pennsylvania,1600
1968,South Carolina,NA
1968,South Dakota,593052
1968,Tennessee,140
1968,Texas,NA
1968,Utah,334419
1968,Vermont,NA
1968,Virginia,NA
1968,Washington,52853
1968,Wyoming,NA
1969,Alabama,NA
1969,Alaska,21227
1969,Arizona,110878
1969,California,7904
1969,Colorado,25777
1969,Georgia,NA
1969,Idaho,3403
1969,Maryland,NA
1969,Michigan,NA
1969,Montana,24189
1969,Nevada,456294
1969,New Mexico,8952
1969,North Carolina,NA
1969,Oregon,900
1969,Pennsylvania,1600
1969,South Carolina,NA
1969,South Dakota,593146
1969,Tennessee,126
1969,Texas,NA
1969,Utah,433385
1969,Vermont,NA
1969,Virginia,NA
1969,Washington,45400
1969,Wyoming,NA
1970,Alabama,NA
1970,Alaska,38400
1970,Arizona,109853
1970,California,4999
1970,Colorado,37114
1970,Georgia,NA
1970,Idaho,3128
1970,Maryland,NA
1970,Michigan,NA
1970,Montana,22456
1970,Nevada,480144
1970,New Mexico,8719
1970,North Carolina,NA
1970,Oregon,900
1970,Pennsylvania,1600
1970,South Carolina,NA
1970,South Dakota,578716
1970,Tennessee,124
1970,Texas,NA
1970,Utah,408029
1970,Vermont,NA
1970,Virginia,NA
1970,Washington,53400
1970,Wyoming,NA
1971,Alabama,NA
1971,Alaska,34000
1971,Arizona,94038
1971,California,2966
1971,Colorado,42031
1971,Georgia,NA
1971,Idaho,3596
1971,Maryland,NA
1971,Michigan,NA
1971,Montana,15613
1971,Nevada,374878
1971,New Mexico,10681
1971,North Carolina,NA
1971,Oregon,900
1971,Pennsylvania,1600
1971,South Carolina,NA
1971,South Dakota,513427
1971,Tennessee,192
1971,Texas,NA
1971,Utah,368996
1971,Vermont,NA
1971,Virginia,NA
1971,Washington,53834
1971,Wyoming,NA
1972,Alabama,NA
1972,Alaska,8639
1972,Arizona,102996
1972,California,3974
1972,Colorado,61100
1972,Georgia,NA
1972,Idaho,2884
1972,Maryland,NA
1972,Michigan,NA
1972,Montana,23725
1972,Nevada,419748
1972,New Mexico,14897
1972,North Carolina,NA
1972,Oregon,900
1972,Pennsylvania,1600
1972,South Carolina,NA
1972,South Dakota,407430
1972,Tennessee,176
1972,Texas,NA
1972,Utah,362413
1972,Vermont,NA
1972,Virginia,NA
1972,Washington,41600
1972,Wyoming,NA
1973,Alabama,NA
1973,Alaska,15000
1973,Arizona,102848
1973,California,3647
1973,Colorado,63422
1973,Georgia,NA
1973,Idaho,2696
1973,Maryland,NA
1973,Michigan,NA
1973,Montana,27806
1973,Nevada,260437
1973,New Mexico,13864
1973,North Carolina,NA
1973,Oregon,900
1973,Pennsylvania,1600
1973,South Carolina,NA
1973,South Dakota,357575
1973,Tennessee,68
1973,Texas,NA
1973,Utah,307080
1973,Vermont,NA
1973,Virginia,NA
1973,Washington,27600
1973,Wyoming,NA
1974,Alabama,NA
1974,Alaska,16000
1974,Arizona,90586
1974,California,5049
1974,Colorado,52083
1974,Georgia,NA
1974,Idaho,2898
1974,Maryland,NA
1974,Michigan,NA
1974,Montana,28268
1974,Nevada,298754
1974,New Mexico,15427
1974,North Carolina,NA
1974,Oregon,900
1974,Pennsylvania,1600
1974,South Carolina,NA
1974,South Dakota,343723
1974,Tennessee,18
1974,Texas,NA
1974,Utah,254909
1974,Vermont,NA
1974,Virginia,NA
1974,Washington,25000
1974,Wyoming,NA
1975,Alabama,NA
1975,Alaska,14980
1975,Arizona,85790
1975,California,9606
1975,Colorado,55483
1975,Georgia,NA
1975,Idaho,2529
1975,Maryland,NA
1975,Michigan,NA
1975,Montana,17259
1975,Nevada,332814
1975,New Mexico,15049
1975,North Carolina,NA
1975,Oregon,900
1975,Pennsylvania,1600
1975,South Carolina,NA
1975,South Dakota,304935
1975,Tennessee,NA
1975,Texas,NA
1975,Utah,189620
1975,Vermont,NA
1975,Virginia,NA
1975,Washington,22600
1975,Wyoming,NA
1976,Alabama,NA
1976,Alaska,22887
1976,Arizona,102062
1976,California,10392
1976,Colorado,50764
1976,Georgia,NA
1976,Idaho,2755
1976,Maryland,NA
1976,Michigan,NA
1976,Montana,24075
1976,Nevada,287962
1976,New Mexico,15198
1976,North Carolina,NA
1976,Oregon,900
1976,Pennsylvania,1600
1976,South Carolina,NA
1976,South Dakota,318511
1976,Tennessee,NA
1976,Texas,NA
1976,Utah,187318
1976,Vermont,NA
1976,Virginia,NA
1976,Washington,24500
1976,Wyoming,NA
1977,Alabama,NA
1977,Alaska,50000
1977,Arizona,90167
1977,California,5704
1977,Colorado,72668
1977,Georgia,NA
1977,Idaho,12894
1977,Maryland,NA
1977,Michigan,NA
1977,Montana,22348
1977,Nevada,324003
1977,New Mexico,13560
1977,North Carolina,NA
1977,Oregon,900
1977,Pennsylvania,NA
1977,South Carolina,NA
1977,South Dakota,304846
1977,Tennessee,13
1977,Texas,NA
1977,Utah,210501
1977,Vermont,NA
1977,Virginia,NA
1977,Washington,24006
1977,Wyoming,NA
1978,Alabama,NA
1978,Alaska,60000
1978,Arizona,92989
1978,California,7480
1978,Colorado,32094
1978,Georgia,NA
1978,Idaho,20492
1978,Maryland,NA
1978,Michigan,NA
1978,Montana,19967
1978,Nevada,260895
1978,New Mexico,9879
1978,North Carolina,NA
1978,Oregon,900
1978,Pennsylvania,NA
1978,South Carolina,NA
1978,South Dakota,285512
1978,Tennessee,NA
1978,Texas,NA
1978,Utah,235929
1978,Vermont,NA
1978,Virginia,NA
1978,Washington,20000
1978,Wyoming,NA
1979,Alabama,NA
1979,Alaska,65000
1979,Arizona,10184
1979,California,5010
1979,Colorado,13850
1979,Georgia,NA
1979,Idaho,24140
1979,Maryland,NA
1979,Michigan,NA
1979,Montana,24050
1979,Nevada,250097
1979,New Mexico,22976
1979,North Carolina,NA
1979,Oregon,926
1979,Pennsylvania,NA
1979,South Carolina,NA
1979,South Dakota,245912
1979,Tennessee,NA
1979,Texas,NA
1979,Utah,260916
1979,Vermont,NA
1979,Virginia,NA
1979,Washington,20000
1979,Wyoming,NA
1980,Alabama,NA
1980,Alaska,75000
1980,Arizona,79631
1980,California,4078
1980,Colorado,39447
1980,Georgia,NA
1980,Idaho,22453
1980,Maryland,NA
1980,Michigan,NA
1980,Montana,48366
1980,Nevada,278495
1980,New Mexico,15847
1980,North Carolina,NA
1980,Oregon,14268
1980,Pennsylvania,NA
1980,South Carolina,NA
1980,South Dakota,267642
1980,Tennessee,NA
1980,Texas,NA
1980,Utah,179538
1980,Vermont,NA
1980,Virginia,NA
1980,Washington,40000
1980,Wyoming,200
1981,Alabama,NA
1981,Alaska,134200
1981,Arizona,100339
1981,California,6271
1981,Colorado,51069
1981,Georgia,NA
1981,Idaho,29403
1981,Maryland,NA
1981,Michigan,NA
1981,Montana,54267
1981,Nevada,524802
1981,New Mexico,65749
1981,North Carolina,NA
1981,Oregon,10405
1981,Pennsylvania,NA
1981,South Carolina,NA
1981,South Dakota,278162
1981,Tennessee,NA
1981,Texas,NA
1981,Utah,227706
1981,Vermont,NA
1981,Virginia,NA
1981,Washington,40000
1981,Wyoming,200
1982,Alabama,NA
1982,Alaska,175000
1982,Arizona,61050
1982,California,10547
1982,Colorado,64584
1982,Georgia,NA
1982,Idaho,35288
1982,Maryland,NA
1982,Michigan,NA
1982,Montana,75171
1982,Nevada,757099
1982,New Mexico,54000
1982,North Carolina,NA
1982,Oregon,900
1982,Pennsylvania,NA
1982,South Carolina,NA
1982,South Dakota,185038
1982,Tennessee,NA
1982,Texas,NA
1982,Utah,174940
1982,Vermont,NA
1982,Virginia,NA
1982,Washington,60000
1982,Wyoming,200
1983,Alabama,NA
1983,Alaska,169000
1983,Arizona,61991
1983,California,38443
1983,Colorado,63063
1983,Georgia,NA
1983,Idaho,62701
1983,Maryland,NA
1983,Michigan,NA
1983,Montana,161436
1983,Nevada,960657
1983,New Mexico,49297
1983,North Carolina,NA
1983,Oregon,900
1983,Pennsylvania,NA
1983,South Carolina,NA
1983,South Dakota,309784
1983,Tennessee,NA
1983,Texas,NA
1983,Utah,238459
1983,Vermont,NA
1983,Virginia,NA
1983,Washington,80000
1983,Wyoming,200
1984,Alabama,NA
1984,Alaska,175000
1984,Arizona,54897
1984,California,85858
1984,Colorado,60010
1984,Georgia,NA
1984,Idaho,45271
1984,Maryland,NA
1984,Michigan,NA
1984,Montana,181190
1984,Nevada,1020546
1984,New Mexico,57933
1984,North Carolina,NA
1984,Oregon,2460
1984,Pennsylvania,NA
1984,South Carolina,NA
1984,South Dakota,310527
1984,Tennessee,NA
1984,Texas,NA
1984,Utah,200000
1984,Vermont,NA
1984,Virginia,NA
1984,Washington,100000
1984,Wyoming,100
1985,Alabama,NA
1985,Alaska,190000
1985,Arizona,52053
1985,California,187813
1985,Colorado,43301
1985,Georgia,NA
1985,Idaho,44306
1985,Maryland,NA
1985,Michigan,4945
1985,Montana,160262
1985,Nevada,1276114
1985,New Mexico,45045
1985,North Carolina,NA
1985,Oregon,900
1985,Pennsylvania,NA
1985,South Carolina,NA
1985,South Dakota,356103
1985,Tennessee,NA
1985,Texas,NA
1985,Utah,135489
1985,Vermont,NA
1985,Virginia,NA
1985,Washington,140000
1985,Wyoming,100
1986,Alabama,NA
1986,Alaska,160000
1986,Arizona,55000
1986,California,425617
1986,Colorado,120347
1986,Georgia,NA
1986,Idaho,70440
1986,Maryland,NA
1986,Michigan,46255
1986,Montana,190000
1986,Nevada,2100440
1986,New Mexico,39856
1986,North Carolina,12
1986,Oregon,900
1986,Pennsylvania,NA
1986,South Carolina,NA
1986,South Dakota,387000
1986,Tennessee,NA
1986,Texas,NA
1986,Utah,111807
1986,Vermont,NA
1986,Virginia,NA
1986,Washington,154000
1986,Wyoming,100
1987,Alabama,NA
1987,Alaska,229707
1987,Arizona,57583
1987,California,602719
1987,Colorado,178795
1987,Georgia,NA
1987,Idaho,97773
1987,Maryland,NA
1987,Michigan,42924
1987,Montana,229656
1987,Nevada,2679581
1987,New Mexico,14443
1987,North Carolina,NA
1987,Oregon,6150
1987,Pennsylvania,NA
1987,South Carolina,8900
1987,South Dakota,418000
1987,Tennessee,NA
1987,Texas,NA
1987,Utah,300000
1987,Vermont,NA
1987,Virginia,NA
1987,Washington,210000
1987,Wyoming,100
1988,Alabama,NA
1988,Alaska,265500
1988,Arizona,146256
1988,California,721538
1988,Colorado,164807
1988,Georgia,NA
1988,Idaho,103463
1988,Maryland,NA
1988,Michigan,43384
1988,Montana,294988
1988,Nevada,3675594
1988,New Mexico,46294
1988,North Carolina,NA
1988,Oregon,900
1988,Pennsylvania,NA
1988,South Carolina,53738
1988,South Dakota,449514
1988,Tennessee,NA
1988,Texas,NA
1988,Utah,399061
1988,Vermont,NA
1988,Virginia,NA
1988,Washington,230000
1988,Wyoming,100
1989,Alabama,NA
1989,Alaska,284617
1989,Arizona,88995
1989,California,958236
1989,Colorado,110857
1989,Georgia,NA
1989,Idaho,98282
1989,Maryland,NA
1989,Michigan,33287
1989,Montana,399769
1989,Nevada,4951130
1989,New Mexico,34594
1989,North Carolina,NA
1989,Oregon,900
1989,Pennsylvania,NA
1989,South Carolina,305505
1989,South Dakota,518374
1989,Tennessee,NA
1989,Texas,NA
1989,Utah,662476
1989,Vermont,NA
1989,Virginia,NA
1989,Washington,222400
1989,Wyoming,100
1990,Alabama,NA
1990,Alaska,231700
1990,Arizona,160756
1990,California,951902
1990,Colorado,75170
1990,Georgia,NA
1990,Idaho,93890
1990,Maryland,NA
1990,Michigan,NA
1990,Montana,418352
1990,Nevada,5676333
1990,New Mexico,25879
1990,North Carolina,NA
1990,Oregon,900
1990,Pennsylvania,NA
1990,South Carolina,224702
1990,South Dakota,570648
1990,Tennessee,NA
1990,Texas,NA
1990,Utah,737839
1990,Vermont,NA
1990,Virginia,NA
1990,Washington,320000
1990,Wyoming,300
1991,Alabama,NA
1991,Alaska,243900
1991,Arizona,66489
1991,California,960438
1991,Colorado,102273
1991,Georgia,NA
1991,Idaho,107638
1991,Maryland,NA
1991,Michigan,NA
1991,Montana,490951
1991,Nevada,5700801
1991,New Mexico,32923
1991,North Carolina,NA
1991,Oregon,900
1991,Pennsylvania,NA
1991,South Carolina,179000
1991,South Dakota,525479
1991,Tennessee,NA
1991,Texas,NA
1991,Utah,765360
1991,Vermont,NA
1991,Virginia,NA
1991,Washington,330000
1991,Wyoming,300
1992,Alabama,NA
1992,Alaska,262530
1992,Arizona,213997
1992,California,1071762
1992,Colorado,120985
1992,Georgia,NA
1992,Idaho,12979
1992,Maryland,NA
1992,Michigan,NA
1992,Montana,449921
1992,Nevada,6531958
1992,New Mexico,28778
1992,North Carolina,NA
1992,Oregon,900
1992,Pennsylvania,NA
1992,South Carolina,216924
1992,South Dakota,600519
1992,Tennessee,NA
1992,Texas,NA
1992,Utah,845000
1992,Vermont,NA
1992,Virginia,NA
1992,Washington,275500
1992,Wyoming,300
1993,Alabama,NA
1993,Alaska,191265
1993,Arizona,87130
1993,California,1149805
1993,Colorado,149000
1993,Georgia,NA
1993,Idaho,113361
1993,Maryland,NA
1993,Michigan,NA
1993,Montana,459763
1993,Nevada,6783911
1993,New Mexico,30689
1993,North Carolina,NA
1993,Oregon,2021
1993,Pennsylvania,NA
1993,South Carolina,158600
1993,South Dakota,604787
1993,Tennessee,NA
1993,Texas,NA
1993,Utah,769745
1993,Vermont,NA
1993,Virginia,NA
1993,Washington,228500
1993,Wyoming,300
1994,Alabama,NA
1994,Alaska,182100
1994,Arizona,63659
1994,California,966997
1994,Colorado,145000
1994,Georgia,NA
1994,Idaho,178722
1994,Maryland,NA
1994,Michigan,NA
1994,Montana,405106
1994,Nevada,6880365
1994,New Mexico,27000
1994,North Carolina,NA
1994,Oregon,900
1994,Pennsylvania,NA
1994,South Carolina,130030
1994,South Dakota,556398
1994,Tennessee,NA
1994,Texas,NA
1994,Utah,762000
1994,Vermont,NA
1994,Virginia,NA
1994,Washington,231200
1994,Wyoming,300
1995,Alabama,NA
1995,Alaska,141882
1995,Arizona,62373
1995,California,949603
1995,Colorado,165000
1995,Georgia,NA
1995,Idaho,300023
1995,Maryland,NA
1995,Michigan,NA
1995,Montana,395460
1995,Nevada,6751760
1995,New Mexico,27000
1995,North Carolina,NA
1995,Oregon,900
1995,Pennsylvania,NA
1995,South Carolina,118104
1995,South Dakota,559055
1995,Tennessee,NA
1995,Texas,NA
1995,Utah,752000
1995,Vermont,NA
1995,Virginia,NA
1995,Washington,106500
1995,Wyoming,300
