year,state,production_oz,
1804,North Carolina,114,
1805,North Carolina,141,
1806,North Carolina,169,
1807,North Carolina,197,
1808,North Carolina,226,
1809,North Carolina,254,
1810,North Carolina,283,
1811,North Carolina,311,
1812,North Carolina,340,
1813,North Carolina,369,
1814,North Carolina,398,
1815,North Carolina,427,
1816,North Carolina,456,
1817,North Carolina,485,
1818,North Carolina,514,
1819,North Carolina,543,
1820,North Carolina,571,
1821,North Carolina,600,
1822,North Carolina,629,
1823,North Carolina,658,
1824,North Carolina,702,
1825,North Carolina,773,
1826,North Carolina,815,
1827,North Carolina,856,
1828,North Carolina,898,
1829,North Carolina,939,
1829,South Carolina,NA,
1830,North Carolina,10256,
1830,Georgia,NA,
1830,South Carolina,NA,
1831,North Carolina,18515,
1831,Alabama,NA,
1831,Georgia,NA,
1831,South Carolina,NA,
1832,North Carolina,26773,
1832,Georgia,NA,
1832,South Carolina,NA,
1833,North Carolina,33392,
1833,Alabama,10450,
1833,Georgia,NA,
1833,South Carolina,NA,
1834,North Carolina,32380,
1834,Alabama,20077,
1834,Georgia,NA,
1834,South Carolina,NA,
1835,North Carolina,31598,
1835,Alabama,15477,
1835,Georgia,NA,
1835,South Carolina,NA,
1836,North Carolina,22647,
1836,Alabama,9744,
1836,Georgia,NA,
1836,South Carolina,NA,
1837,North Carolina,22283,
1837,Alabama,4045,
1837,Georgia,NA,
1837,South Carolina,NA,
1838,North Carolina,15135,
1838,Alabama,526,
1838,Georgia,NA,
1838,South Carolina,NA,
1839,North Carolina,14924,
1839,Alabama,615,
1839,Georgia,NA,
1839,South Carolina,NA,
1840,North Carolina,17213,
1840,Alabama,440,
1840,Georgia,NA,
1840,South Carolina,NA,
1841,North Carolina,16677,
1841,Alabama,412,
1841,Georgia,NA,
1841,South Carolina,NA,
1842,North Carolina,15777,
1842,Alabama,621,
1842,Georgia,NA,
1842,South Carolina,NA,
1843,North Carolina,13516,
1843,Alabama,796,
1843,Georgia,NA,
1843,South Carolina,NA,
1844,North Carolina,13043,
1844,Alabama,3788,
1844,Georgia,NA,
1844,South Carolina,NA,
1845,North Carolina,12554,
1845,Alabama,4211,
1845,Georgia,NA,
1845,South Carolina,NA,
1846,North Carolina,11631,
1846,Alabama,840,
1846,Georgia,NA,
1846,South Carolina,NA,
1847,North Carolina,11213,
1847,Alabama,991,
1847,Georgia,NA,
1847,South Carolina,NA,
1848,North Carolina,700,
1848,Alabama,527,
1848,California,11866,
1848,Georgia,526,
1848,South Carolina,NA,
1849,North Carolina,516,
1849,Alabama,NA,
1849,California,1072,
1849,Georgia,404,
1849,South Carolina,NA,
1850,North Carolina,316,
1850,Alabama,NA,
1850,California,1996586,
1850,Georgia,2962,
1850,South Carolina,NA,
1851,North Carolina,NA,
1851,Alabama,NA,
1851,California,3673512,
1851,Georgia,7606,
1851,South Carolina,NA,
1852,North Carolina,NA,
1852,Alabama,NA,
1852,California,3932631,
1852,Georgia,4671,
1852,Oregon,NA,
1852,South Carolina,NA,
1853,North Carolina,NA,
1853,Alabama,NA,
1853,California,3270803,
1853,Georgia,2849,
1853,Oregon,NA,
1854,North Carolina,NA,
1854,Alabama,NA,
1854,California,3358867,
1854,Georgia,2701,
1854,Oregon,NA,
1855,North Carolina,NA,
1855,Alabama,NA,
1855,California,2684106,
1855,Georgia,3460,
1855,Oregon,NA,
1855,Vermont,NA,
1856,North Carolina,NA,
1856,Alabama,NA,
1856,California,2782018,
1856,Georgia,4360,
1856,Oregon,NA,
1857,North Carolina,NA,
1857,Alabama,NA,
1857,California,2110513,
1857,Georgia,1891,
1857,Oregon,NA,
1858,North Carolina,NA,
1858,Alabama,NA,
1858,California,2253846,
1858,Colorado,NA,
1858,Georgia,1210,
1858,Oregon,NA,
1858,Arizona,NA,
1859,North Carolina,NA,
1859,Alabama,NA,
1859,California,2217829,
1859,Colorado,NA,
1859,Georgia,1210,
1859,Nevada,NA,
1859,Oregon,NA,
1859,Arizona,NA,
1860,North Carolina,NA,
1860,Alabama,NA,
1860,California,2133104,
1860,Colorado,NA,
1860,Georgia,1210,
1860,Nevada,NA,
1860,Oregon,NA,
1860,Vermont,NA,
1860,Arizona,NA,
1861,North Carolina,NA,
1861,Alabama,NA,
1861,California,2026187,
1861,Colorado,NA,
1861,Georgia,1210,
1861,Maryland,NA,
1861,Nevada,NA,
1861,Oregon,NA,
1861,Arizona,NA,
1862,North Carolina,NA,
1862,Alabama,NA,
1862,California,1879595,
1862,Colorado,NA,
1862,Georgia,1210,
1862,Idaho,NA,
1862,Montana,NA,
1862,Nevada,NA,
1862,Oregon,NA,
1862,South Dakota,NA,
1862,Utah,NA,
1862,Arizona,NA,
1863,North Carolina,NA,
1863,Alabama,NA,
1863,California,1136897,
1863,Colorado,NA,
1863,Georgia,1210,
1863,Idaho,NA,
1863,Montana,NA,
1863,Nevada,NA,
1863,Oregon,NA,
1863,South Dakota,NA,
1863,Utah,NA,
1863,Arizona,NA,
1864,North Carolina,NA,
1864,Alabama,NA,
1864,California,1164455,
1864,Colorado,NA,
1864,Georgia,1210,
1864,Idaho,NA,
1864,Montana,NA,
1864,Nevada,NA,
1864,Oregon,NA,
1864,Utah,NA,
1864,Washington,NA,
1864,Arizona,NA,
1865,North Carolina,NA,
1865,Alabama,NA,
1865,California,867405,
1865,Colorado,NA,
1865,Georgia,1210,
1865,Idaho,NA,
1865,Montana,NA,
1865,Nevada,NA,
1865,Oregon,NA,
1865,Utah,NA,
1865,Washington,NA,
1865,Arizona,NA,
1866,North Carolina,NA,
1866,Alabama,NA,
1866,California,828367,
1866,Colorado,NA,
1866,Georgia,1210,
1866,Idaho,NA,
1866,Montana,NA,
1866,Nevada,NA,
1866,Oregon,NA,
1866,South Dakota,NA,
1866,Utah,NA,
1866,Washington,NA,
1866,Arizona,NA,
1867,North Carolina,NA,
1867,Alabama,NA,
1867,California,883591,
1867,Colorado,NA,
1867,Georgia,1210,
1867,Idaho,NA,
1867,Maryland,NA,
1867,Montana,NA,
1867,Nevada,NA,
1867,Oregon,NA,
1867,South Dakota,NA,
1867,Utah,NA,
1867,Washington,NA,
1867,Wyoming,NA,
1867,Arizona,NA,
1868,North Carolina,NA,
1868,Alabama,NA,
1868,California,849265,
1868,Colorado,97300,
1868,Georgia,1210,
1868,Idaho,NA,
1868,Maryland,NA,
1868,Montana,NA,
1868,Nevada,NA,
1868,Oregon,NA,
1868,South Dakota,NA,
1868,Utah,NA,
1868,Washington,NA,
1868,Wyoming,NA,
1868,Arizona,NA,
1869,North Carolina,NA,
1869,Alabama,NA,
1869,California,881830,
1869,Colorado,153800,
1869,Georgia,1210,
1869,Idaho,NA,
1869,Maryland,NA,
1869,Montana,NA,
1869,Nevada,NA,
1869,Oregon,NA,
1869,South Dakota,NA,
1869,Utah,NA,
1869,Washington,NA,
1869,Wyoming,NA,
1869,Arizona,NA,
1870,North Carolina,NA,
1870,Alabama,NA,
1870,California,844537,
1870,Colorado,145800,
1870,Georgia,1210,
1870,Idaho,NA,
1870,Maryland,NA,
1870,Montana,NA,
1870,Nevada,NA,
1870,Oregon,NA,
1870,South Dakota,NA,
1870,Utah,NA,
1870,Washington,NA,
1870,Wyoming,NA,
1870,Arizona,NA,
1871,North Carolina,NA,
1871,Alabama,NA,
1871,California,845493,
1871,Colorado,175700,
1871,Georgia,1210,
1871,Idaho,NA,
1871,Maryland,NA,
1871,Montana,NA,
1871,Nevada,NA,
1871,Oregon,NA,
1871,South Dakota,NA,
1871,Utah,NA,
1871,Washington,NA,
1871,Wyoming,NA,
1871,Arizona,NA,
1872,North Carolina,NA,
1872,Alabama,NA,
1872,California,748951,
1872,Colorado,128000,
1872,Georgia,1210,
1872,Idaho,NA,
1872,Maryland,NA,
1872,Montana,NA,
1872,Nevada,NA,
1872,Oregon,NA,
1872,South Dakota,NA,
1872,Utah,NA,
1872,Washington,NA,
1872,Wyoming,NA,
1872,Arizona,NA,
1873,North Carolina,NA,
1873,Alabama,NA,
1873,California,726554,
1873,Colorado,97500,
1873,Georgia,1210,
1873,Idaho,NA,
1873,Maryland,NA,
1873,Montana,NA,
1873,Nevada,NA,
1873,Oregon,NA,
1873,South Dakota,NA,
1873,Utah,NA,
1873,Washington,NA,
1873,Wyoming,NA,
1873,Arizona,NA,
1874,North Carolina,NA,
1874,Alabama,NA,
1874,California,835186,
1874,Colorado,104200,
1874,Georgia,1210,
1874,Idaho,NA,
1874,Maryland,NA,
1874,Montana,NA,
1874,Nevada,NA,
1874,Oregon,NA,
1874,South Dakota,NA,
1874,Utah,NA,
1874,Washington,NA,
1874,Wyoming,NA,
1874,Arizona,NA,
1875,North Carolina,NA,
1875,Alabama,NA,
1875,California,816377,
1875,Colorado,107700,
1875,Georgia,1210,
1875,Idaho,NA,
1875,Maryland,NA,
1875,Montana,NA,
1875,Nevada,NA,
1875,Oregon,NA,
1875,South Dakota,NA,
1875,Utah,NA,
1875,Washington,NA,
1875,Wyoming,NA,
1875,Arizona,NA,
1876,North Carolina,NA,
1876,Alabama,NA,
1876,California,755169,
1876,Colorado,132000,
1876,Georgia,1210,
1876,Idaho,NA,
1876,Maryland,NA,
1876,Montana,NA,
1876,Nevada,NA,
1876,Oregon,NA,
1876,South Dakota,60000,
1876,Utah,NA,
1876,Washington,NA,
1876,Wyoming,NA,
1876,Arizona,NA,
1877,North Carolina,NA,
1877,Alabama,NA,
1877,California,798249,
1877,Colorado,152300,
1877,Georgia,1210,
1877,Idaho,NA,
1877,Maryland,NA,
1877,Montana,NA,
1877,Nevada,NA,
1877,Oregon,NA,
1877,South Dakota,100606,
1877,Utah,NA,
1877,Washington,NA,
1877,Wyoming,NA,
1877,Arizona,NA,
1878,North Carolina,NA,
1878,Alabama,NA,
1878,California,911343,
1878,Colorado,157000,
1878,Georgia,1210,
1878,Idaho,NA,
1878,Maryland,NA,
1878,Montana,NA,
1878,Nevada,NA,
1878,Oregon,NA,
1878,South Dakota,157356,
1878,Utah,NA,
1878,Washington,NA,
1878,Wyoming,NA,
1878,Arizona,NA,
1879,North Carolina,NA,
1879,Alabama,NA,
1879,California,949439,
1879,Colorado,154700,
1879,Georgia,1210,
1879,Idaho,NA,
1879,Maryland,NA,
1879,Montana,NA,
1879,Nevada,NA,
1879,Oregon,NA,
1879,South Dakota,117067,
1879,Utah,NA,
1879,Washington,NA,
1879,Wyoming,NA,
1879,Arizona,NA,
1880,North Carolina,NA,
1880,Alabama,NA,
1880,Alaska,NA,
1880,California,968986,
1880,Colorado,157500,
1880,Georgia,1210,
1880,Idaho,NA,
1880,Maryland,NA,
1880,Michigan,NA,
1880,Montana,NA,
1880,Nevada,NA,
1880,Oregon,NA,
1880,South Dakota,174150,
1880,Utah,NA,
1880,Washington,NA,
1880,Wyoming,NA,
1880,Arizona,NA,
1881,North Carolina,NA,
1881,Alabama,NA,
1881,Alaska,NA,
1881,California,929920,
1881,Colorado,159800,
1881,Georgia,1210,
1881,Idaho,NA,
1881,Maryland,NA,
1881,Michigan,NA,
1881,Montana,NA,
1881,Nevada,NA,
1881,Oregon,NA,
1881,South Dakota,193500,
1881,Utah,NA,
1881,Washington,NA,
1881,Wyoming,NA,
1881,Arizona,NA,
1882,North Carolina,NA,
1882,Alabama,NA,
1882,Alaska,NA,
1882,California,829458,
1882,Colorado,162600,
1882,Georgia,1210,
1882,Idaho,NA,
1882,Maryland,NA,
1882,Michigan,NA,
1882,Montana,NA,
1882,Nevada,NA,
1882,Oregon,NA,
1882,South Dakota,159637,
1882,Utah,NA,
1882,Washington,NA,
1882,Wyoming,NA,
1882,Arizona,NA,
1883,North Carolina,NA,
1883,Alabama,NA,
1883,Alaska,NA,
1883,California,1176329,
1883,Colorado,204000,
1883,Georgia,1210,
1883,Idaho,NA,
1883,Maryland,NA,
1883,Michigan,NA,
1883,Montana,NA,
1883,Nevada,NA,
1883,Oregon,NA,
1883,South Dakota,154800,
1883,Utah,NA,
1883,Washington,NA,
1883,Wyoming,NA,
1883,Arizona,NA,
1884,North Carolina,NA,
1884,Alabama,NA,
1884,Alaska,NA,
1884,California,657900,
1884,Colorado,203600,
1884,Georgia,1210,
1884,Idaho,NA,
1884,Maryland,NA,
1884,Michigan,NA,
1884,Montana,NA,
1884,Nevada,NA,
1884,Oregon,NA,
1884,South Dakota,159638,
1884,Utah,NA,
1884,Washington,NA,
1884,Wyoming,NA,
1884,Arizona,NA,
1885,North Carolina,NA,
1885,Alabama,NA,
1885,Alaska,NA,
1885,California,612478,
1885,Colorado,203600,
1885,Georgia,1210,
1885,Idaho,NA,
1885,Maryland,NA,
1885,Michigan,NA,
1885,Montana,NA,
1885,Nevada,NA,
1885,Oregon,NA,
1885,South Dakota,154800,
1885,Utah,NA,
1885,Washington,NA,
1885,Wyoming,NA,
1885,Arizona,NA,
1886,North Carolina,NA,
1886,Alabama,NA,
1886,Alaska,NA,
1886,California,711911,
1886,Colorado,215200,
1886,Georgia,1210,
1886,Idaho,NA,
1886,Maryland,NA,
1886,Michigan,1859,
1886,Montana,NA,
1886,Nevada,NA,
1886,Oregon,NA,
1886,South Dakota,130612,
1886,Utah,NA,
1886,Washington,NA,
1886,Wyoming,NA,
1886,Arizona,NA,
1887,North Carolina,NA,
1887,Alabama,NA,
1887,Alaska,NA,
1887,California,657349,
1887,Colorado,193600,
1887,Georgia,1210,
1887,Idaho,1560,
1887,Maryland,NA,
1887,Michigan,NA,
1887,Montana,NA,
1887,Nevada,NA,
1887,Oregon,NA,
1887,South Dakota,116110,
1887,Utah,NA,
1887,Washington,NA,
1887,Wyoming,NA,
1887,Arizona,NA,
1888,North Carolina,NA,
1888,Alabama,NA,
1888,Alaska,NA,
1888,California,616000,
1888,Colorado,181700,
1888,Georgia,1210,
1888,Idaho,2528,
1888,Maryland,NA,
1888,Michigan,NA,
1888,Montana,NA,
1888,Nevada,NA,
1888,Oregon,NA,
1888,South Dakota,125775,
1888,Utah,NA,
1888,Washington,NA,
1888,Wyoming,NA,
1888,Arizona,NA,
1889,North Carolina,NA,
1889,Alabama,NA,
1889,Alaska,NA,
1889,California,542425,
1889,Colorado,187900,
1889,Georgia,1210,
1889,Idaho,4349,
1889,Maryland,NA,
1889,Michigan,NA,
1889,Montana,NA,
1889,Nevada,NA,
1889,Oregon,NA,
1889,South Dakota,140287,
1889,Utah,NA,
1889,Washington,NA,
1889,Wyoming,NA,
1889,Arizona,NA,
1890,North Carolina,NA,
1890,Alabama,NA,
1890,Alaska,NA,
1890,California,595486,
1890,Colorado,200950,
1890,Georgia,1210,
1890,Idaho,3435,
1890,Maryland,NA,
1890,Michigan,NA,
1890,Montana,NA,
1890,Nevada,NA,
1890,Oregon,NA,
1890,South Dakota,154800,
1890,Utah,NA,
1890,Washington,NA,
1890,Wyoming,NA,
1890,Arizona,NA,
1891,North Carolina,NA,
1891,Alabama,NA,
1891,Alaska,NA,
1891,California,615759,
1891,Colorado,222500,
1891,Georgia,1210,
1891,Idaho,3900,
1891,Maryland,NA,
1891,Michigan,NA,
1891,Montana,NA,
1891,Nevada,NA,
1891,Oregon,NA,
1891,South Dakota,171131,
1891,Utah,NA,
1891,Washington,NA,
1891,Wyoming,NA,
1891,Arizona,NA,
1892,North Carolina,NA,
1892,Alabama,NA,
1892,Alaska,NA,
1892,California,608166,
1892,Colorado,256400,
1892,Georgia,1210,
1892,Idaho,4608,
1892,Maryland,NA,
1892,Michigan,NA,
1892,Montana,NA,
1892,Nevada,NA,
1892,Oregon,NA,
1892,South Dakota,178987,
1892,Utah,NA,
1892,Washington,NA,
1892,Wyoming,NA,
1892,Arizona,NA,
1893,North Carolina,NA,
1893,Alabama,NA,
1893,Alaska,NA,
1893,California,606564,
1893,Colorado,364151,
1893,Georgia,1210,
1893,Idaho,4856,
1893,Maryland,NA,
1893,Michigan,NA,
1893,Montana,NA,
1893,Nevada,NA,
1893,Oregon,NA,
1893,South Dakota,193809,
1893,Utah,NA,
1893,Washington,NA,
1893,Wyoming,NA,
1893,Arizona,NA,
1894,North Carolina,NA,
1894,Alabama,NA,
1894,Alaska,NA,
1894,California,670636,
1894,Colorado,454000,
1894,Georgia,1210,
1894,Idaho,4794,
1894,Maryland,NA,
1894,Michigan,NA,
1894,Montana,NA,
1894,Nevada,NA,
1894,Oregon,NA,
1894,South Dakota,159594,
1894,Utah,NA,
1894,Washington,NA,
1894,Wyoming,NA,
1894,Arizona,NA,
1895,North Carolina,NA,
1895,Alabama,NA,
1895,Alaska,NA,
1895,California,741798,
1895,Colorado,644000,
1895,Georgia,1210,
1895,Idaho,6218,
1895,Maryland,NA,
1895,Michigan,NA,
1895,Montana,NA,
1895,Nevada,NA,
1895,Oregon,NA,
1895,South Dakota,187187,
1895,Utah,NA,
1895,Washington,NA,
1895,Wyoming,NA,
1895,Arizona,NA,
1896,North Carolina,NA,
1896,Alabama,NA,
1896,Alaska,NA,
1896,California,831158,
1896,Colorado,721000,
1896,Georgia,1210,
1896,Idaho,3062,
1896,Maryland,NA,
1896,Michigan,1740,
1896,Montana,NA,
1896,Nevada,NA,
1896,Oregon,NA,
1896,South Dakota,240414,
1896,Utah,NA,
1896,Washington,NA,
1896,Wyoming,NA,
1896,Arizona,NA,
1897,North Carolina,NA,
1897,Alabama,NA,
1897,Alaska,NA,
1897,California,767779,
1897,Colorado,947249,
1897,Georgia,1210,
1897,Idaho,4097,
1897,Maryland,NA,
1897,Michigan,NA,
1897,Montana,NA,
1897,Nevada,NA,
1897,Oregon,NA,
1897,South Dakota,275491,
1897,Utah,NA,
1897,Washington,NA,
1897,Wyoming,NA,
1897,Arizona,NA,
1898,North Carolina,NA,
1898,Alabama,NA,
1898,Alaska,NA,
1898,California,769476,
1898,Colorado,1138584,
1898,Georgia,1210,
1898,Idaho,5041,
1898,Maryland,NA,
1898,Michigan,NA,
1898,Montana,NA,
1898,Nevada,NA,
1898,Oregon,NA,
1898,South Dakota,275723,
1898,Utah,NA,
1898,Washington,NA,
1898,Wyoming,NA,
1898,Arizona,NA,
1899,North Carolina,NA,
1899,Alabama,NA,
1899,Alaska,NA,
1899,California,741881,
1899,Colorado,1282471,
1899,Georgia,1210,
1899,Idaho,7029,
1899,Maryland,NA,
1899,Michigan,NA,
1899,Montana,NA,
1899,Nevada,NA,
1899,Oregon,NA,
1899,South Dakota,312962,
1899,Utah,NA,
1899,Washington,NA,
1899,Wyoming,NA,
1899,Arizona,NA,
1900,North Carolina,NA,
1900,Alabama,NA,
1900,Alaska,NA,
1900,California,767390,
1900,Colorado,1391487,
1900,Georgia,1210,
1900,Idaho,1403,
1900,Maryland,NA,
1900,Michigan,NA,
1900,Montana,NA,
1900,Nevada,NA,
1900,Oregon,NA,
1900,South Dakota,298842,
1900,Utah,NA,
1900,Washington,NA,
1900,Wyoming,NA,
1900,Arizona,NA,
1901,North Carolina,NA,
1901,Alabama,NA,
1901,Alaska,NA,
1901,California,821845,
1901,Colorado,1339112,
1901,Georgia,1210,
1901,Idaho,1833,
1901,Maryland,NA,
1901,Michigan,NA,
1901,Montana,NA,
1901,Nevada,NA,
1901,Oregon,NA,
1901,South Dakota,313446,
1901,Utah,NA,
1901,Washington,NA,
1901,Wyoming,NA,
1901,Arizona,NA,
1902,North Carolina,NA,
1902,Alabama,NA,
1902,Alaska,NA,
1902,California,818037,
1902,Colorado,1380000,
1902,Georgia,1210,
1902,Idaho,142,
1902,Maryland,NA,
1902,Michigan,NA,
1902,Montana,NA,
1902,Nevada,NA,
1902,Oregon,NA,
1902,South Dakota,336952,
1902,Utah,NA,
1902,Washington,NA,
1902,Wyoming,NA,
1902,Arizona,NA,
1903,North Carolina,NA,
1903,Alabama,NA,
1903,Alaska,NA,
1903,California,788544,
1903,Colorado,1045252,
1903,Georgia,1210,
1903,Idaho,237,
1903,Maryland,NA,
1903,Michigan,NA,
1903,Montana,NA,
1903,Nevada,NA,
1903,Oregon,NA,
1903,South Dakota,330243,
1903,Utah,NA,
1903,Washington,NA,
1903,Wyoming,NA,
1903,Arizona,NA,
1904,North Carolina,NA,
1904,Alabama,NA,
1904,Alaska,NA,
1904,California,901484,
1904,Colorado,1172000,
1904,Georgia,1210,
1904,Idaho,141,
1904,Maryland,NA,
1904,Michigan,NA,
1904,Montana,NA,
1904,Nevada,NA,
1904,Oregon,NA,
1904,South Dakota,356264,
1904,Utah,NA,
1904,Washington,NA,
1904,Wyoming,NA,
1904,Arizona,NA,
1905,North Carolina,NA,
1905,Alabama,2009,
1905,Alaska,756101,
1905,California,914217,
1905,Colorado,1224000,
1905,Georgia,1210,
1905,Idaho,4688,
1905,Maryland,717,
1905,Michigan,NA,
1905,Montana,231914,
1905,Nevada,254928,
1905,Oregon,167978,
1905,South Dakota,334460,
1905,Utah,248692,
1905,Washington,19597,
1905,Wyoming,1294,
1905,Arizona,135412,
1906,North Carolina,NA,
1906,Alabama,1206,
1906,Alaska,1066030,
1906,California,906182,
1906,Colorado,1110000,
1906,Georgia,1502,
1906,Idaho,55,
1906,Maryland,NA,
1906,Michigan,NA,
1906,Montana,216189,
1906,Nevada,506565,
1906,Oregon,397366,
1906,South Dakota,319512,
1906,Utah,252439,
1906,Washington,10723,
1906,Wyoming,315,
1906,Arizona,143417,
1907,North Carolina,NA,
1907,Alabama,1257,
1907,Alaska,936043,
1907,California,809214,
1907,Colorado,982500,
1907,Georgia,3135,
1907,Idaho,60,
1907,Maryland,NA,
1907,Michigan,NA,
1907,Montana,158970,
1907,Nevada,585311,
1907,Oregon,397654,
1907,South Dakota,200185,
1907,Utah,247760,
1907,Washington,12533,
1907,Wyoming,452,
1907,Arizona,126613,
1908,North Carolina,NA,
1908,Alabama,1994,
1908,Alaska,933290,
1908,California,907590,
1908,Colorado,1092500,
1908,Georgia,2719,
1908,Idaho,69,
1908,Maryland,NA,
1908,Michigan,NA,
1908,Montana,147913,
1908,Nevada,549682,
1908,Oregon,471641,
1908,South Dakota,374529,
1908,Utah,179055,
1908,Washington,11719,
1908,Wyoming,385,
1908,Arizona,117647,
1909,North Carolina,NA,
1909,Alabama,1415,
1909,Alaska,987417,
1909,California,979007,
1909,Colorado,1063000,
1909,Georgia,2933,
1909,Idaho,70,
1909,Maryland,NA,
1909,Michigan,NA,
1909,Montana,183414,
1909,Nevada,785608,
1909,Oregon,637828,
1909,South Dakota,317998,
1909,Utah,203492,
1909,Washington,17516,
1909,Wyoming,198,
1909,Arizona,132427,
1910,North Carolina,NA,
1910,Alabama,1622,
1910,Alaska,780131,
1910,California,953734,
1910,Colorado,991500,
1910,Georgia,1722,
1910,Idaho,53,
1910,Maryland,NA,
1910,Michigan,NA,
1910,Montana,180462,
1910,Nevada,913265,
1910,Oregon,232870,
1910,South Dakota,260267,
1910,Utah,195052,
1910,Washington,38130,
1910,Wyoming,155,
1910,Arizona,152351,
1911,North Carolina,NA,
1911,Alabama,915,
1911,Alaska,815276,
1911,California,954870,
1911,Colorado,920000,
1911,Georgia,1697,
1911,Idaho,66,
1911,Maryland,5,
1911,Michigan,NA,
1911,Montana,179499,
1911,Nevada,880106,
1911,Oregon,30041,
1911,South Dakota,359904,
1911,Utah,227217,
1911,Washington,41010,
1911,Wyoming,929,
1911,Arizona,165951,
1912,North Carolina,NA,
1912,Alabama,809,
1912,Alaska,829436,
1912,California,953640,
1912,Colorado,900000,
1912,Georgia,695,
1912,Idaho,66,
1912,Maryland,NA,
1912,Michigan,NA,
1912,Montana,175371,
1912,Nevada,650943,
1912,Oregon,803237,
1912,South Dakota,381745,
1912,Utah,206360,
1912,Washington,32945,
1912,Wyoming,1076,
1912,Arizona,181997,
1913,North Carolina,NA,
1913,Alabama,537,
1913,Alaska,755947,
1913,California,987187,
1913,Colorado,878000,
1913,Georgia,731,
1913,Idaho,65,
1913,Maryland,NA,
1913,Michigan,NA,
1913,Montana,168995,
1913,Nevada,570589,
1913,Oregon,778740,
1913,South Dakota,354071,
1913,Utah,172438,
1913,Washington,33685,
1913,Wyoming,1170,
1913,Arizona,194657,
1914,North Carolina,NA,
1914,Alabama,579,
1914,Alaska,762596,
1914,California,999113,
1914,Colorado,962000,
1914,Georgia,787,
1914,Idaho,55,
1914,Maryland,11,
1914,Michigan,NA,
1914,Montana,199204,
1914,Nevada,555402,
1914,Oregon,634476,
1914,South Dakota,354758,
1914,Utah,157961,
1914,Washington,26956,
1914,Wyoming,242,
1914,Arizona,202167,
1915,North Carolina,NA,
1915,Alabama,254,
1915,Alaska,807966,
1915,California,1085646,
1915,Colorado,1084323,
1915,Georgia,1733,
1915,Idaho,57,
1915,Maryland,NA,
1915,Michigan,NA,
1915,Montana,242078,
1915,Nevada,551683,
1915,Oregon,832190,
1915,South Dakota,358280,
1915,Utah,174590,
1915,Washington,18937,
1915,Wyoming,706,
1915,Arizona,201531,
1916,North Carolina,NA,
1916,Alabama,418,
1916,Alaska,834068,
1916,California,1035745,
1916,Colorado,926566,
1916,Georgia,1090,
1916,Idaho,53,
1916,Maryland,NA,
1916,Michigan,NA,
1916,Montana,220130,
1916,Nevada,428904,
1916,Oregon,126992,
1916,South Dakota,360909,
1916,Utah,172938,
1916,Washington,27947,
1916,Wyoming,995,
1916,Arizona,192801,
1917,North Carolina,NA,
1917,Alabama,109,
1917,Alaska,709049,
1917,California,971733,
1917,Colorado,760901,
1917,Georgia,333,
1917,Idaho,38,
1917,Maryland,5,
1917,Michigan,NA,
1917,Montana,170147,
1917,Nevada,336664,
1917,Oregon,72166,
1917,South Dakota,356245,
1917,Utah,162306,
1917,Washington,23818,
1917,Wyoming,182,
1917,Arizona,245174,
1918,North Carolina,NA,
1918,Alabama,39,
1918,Alaska,458641,
1918,California,799588,
1918,Colorado,616864,
1918,Georgia,285,
1918,Idaho,33,
1918,Maryland,NA,
1918,Michigan,150193,
1918,Montana,320239,
1918,Nevada,33030,
1918,New Mexico,NA,
1918,Oregon,7961,
1918,South Dakota,317598,
1918,Tennessee,235,
1918,Texas,1,
1918,Utah,142666,
1918,Vermont,4,
1918,Virginia,19,
1918,Washington,14739,
1918,Wyoming,42,
1918,Arizona,262919,
1919,Alabama,0,
1919,Alaska,455984,
1919,Arizona,217998,
1919,California,807667,
1919,Colorado,478265,
1919,Georgia,37,
1919,Idaho,34,
1919,Maryland,NA,
1919,Michigan,107856,
1919,Montana,219695,
1919,Nevada,31717,
1919,New Mexico,NA,
1919,North Carolina,NA,
1919,Oregon,7303,
1919,South Dakota,235250,
1919,Tennessee,274,
1919,Texas,1,
1919,Utah,104464,
1919,Vermont,NA,
1919,Virginia,18,
1919,Washington,12233,
1919,Wyoming,4,
1920,Alabama,14,
1920,Alaska,404683,
1920,Arizona,231529,
1920,California,692297,
1920,Colorado,366504,
1920,Georgia,35,
1920,Idaho,23,
1920,Maryland,NA,
1920,Michigan,89550,
1920,Montana,172540,
1920,Nevada,23235,
1920,New Mexico,NA,
1920,North Carolina,NA,
1920,Oregon,7249,
1920,South Dakota,226224,
1920,Tennessee,282,
1920,Texas,NA,
1920,Utah,97454,
1920,Vermont,NA,
1920,Virginia,NA,
1920,Washington,5847,
1920,Wyoming,NA,
1921,Alabama,0,
1921,Alaska,390558,
1921,Arizona,141753,
1921,California,759721,
1921,Colorado,330659,
1921,Georgia,49,
1921,Idaho,26,
1921,Maryland,NA,
1921,Michigan,71632,
1921,Montana,160255,
1921,Nevada,9521,
1921,New Mexico,NA,
1921,North Carolina,NA,
1921,Oregon,5642,
1921,South Dakota,319525,
1921,Tennessee,238,
1921,Texas,NA,
1921,Utah,85619,
1921,Vermont,NA,
1921,Virginia,NA,
1921,Washington,6216,
1921,Wyoming,3,
1922,Alabama,0,
1922,Alaska,359057,
1922,Arizona,170480,
1922,California,709678,
1922,Colorado,308314,
1922,Georgia,156,
1922,Idaho,24,
1922,Maryland,NA,
1922,Michigan,80146,
1922,Montana,159511,
1922,Nevada,19964,
1922,New Mexico,NA,
1922,North Carolina,NA,
1922,Oregon,5715,
1922,South Dakota,315298,
1922,Tennessee,209,
1922,Texas,NA,
1922,Utah,111110,
1922,Vermont,NA,
1922,Virginia,NA,
1922,Washington,9045,
1922,Wyoming,58,
1923,Alabama,6,
1923,Alaska,289539,
1923,Arizona,296109,
1923,California,647210,
1923,Colorado,318870,
1923,Georgia,26,
1923,Idaho,37,
1923,Maryland,NA,
1923,Michigan,85079,
1923,Montana,204293,
1923,Nevada,26689,
1923,New Mexico,NA,
1923,North Carolina,NA,
1923,Oregon,6824,
1923,South Dakota,309905,
1923,Tennessee,319,
1923,Texas,39,
1923,Utah,148825,
1923,Vermont,NA,
1923,Virginia,NA,
1923,Washington,16549,
1923,Wyoming,14,
1924,Alabama,0,
1924,Alaska,304072,
1924,Arizona,235996,
1924,California,636140,
1924,Colorado,415692,
1924,Georgia,32,
1924,Idaho,26,
1924,Maryland,NA,
1924,Michigan,97854,
1924,Montana,217963,
1924,Nevada,24804,
1924,New Mexico,NA,
1924,North Carolina,NA,
1924,Oregon,220,
1924,South Dakota,295930,
1924,Tennessee,329,
1924,Texas,NA,
1924,Utah,146487,
1924,Vermont,NA,
1924,Virginia,NA,
1924,Washington,14979,
1924,Wyoming,NA,
1925,Alabama,0,
1925,Alaska,307679,
1925,Arizona,201741,
1925,California,632035,
1925,Colorado,349607,
1925,Georgia,468,
1925,Idaho,20,
1925,Maryland,NA,
1925,Michigan,82123,
1925,Montana,187105,
1925,Nevada,26561,
1925,New Mexico,NA,
1925,North Carolina,NA,
1925,Oregon,897,
1925,South Dakota,289747,
1925,Tennessee,359,
1925,Texas,NA,
1925,Utah,177803,
1925,Vermont,NA,
1925,Virginia,NA,
1925,Washington,11139,
1925,Wyoming,NA,
1926,Alabama,0,
1926,Alaska,324450,
1926,Arizona,234011,
1926,California,576798,
1926,Colorado,342607,
1926,Georgia,149,
1926,Idaho,13,
1926,Maryland,NA,
1926,Michigan,60504,
1926,Montana,175382,
1926,Nevada,19631,
1926,New Mexico,NA,
1926,North Carolina,NA,
1926,Oregon,791,
1926,South Dakota,279529,
1926,Tennessee,417,
1926,Texas,110,
1926,Utah,182763,
1926,Vermont,2,
1926,Virginia,11,
1926,Washington,9342,
1926,Wyoming,NA,
1927,Alabama,0,
1927,Alaska,286720,
1927,Arizona,200495,
1927,California,564586,
1927,Colorado,255400,
1927,Georgia,50,
1927,Idaho,15,
1927,Maryland,NA,
1927,Michigan,53541,
1927,Montana,150346,
1927,Nevada,29242,
1927,New Mexico,NA,
1927,North Carolina,NA,
1927,Oregon,491,
1927,South Dakota,322032,
1927,Tennessee,426,
1927,Texas,396,
1927,Utah,193909,
1927,Vermont,NA,
1927,Virginia,NA,
1927,Washington,19515,
1927,Wyoming,58,
1928,Alabama,0,
1928,Alaska,331140,
1928,Arizona,191927,
1928,California,521740,
1928,Colorado,256644,
1928,Georgia,44,
1928,Idaho,20,
1928,Maryland,NA,
1928,Michigan,58196,
1928,Montana,175158,
1928,Nevada,32912,
1928,New Mexico,NA,
1928,North Carolina,NA,
1928,Oregon,114,
1928,South Dakota,317379,
1928,Tennessee,538,
1928,Texas,498,
1928,Utah,212560,
1928,Vermont,NA,
1928,Virginia,NA,
1928,Washington,16312,
1928,Wyoming,33,
1929,Alabama,10,
1929,Alaska,375438,
1929,Arizona,202318,
1929,California,412479,
1929,Colorado,213708,
1929,Georgia,125,
1929,Idaho,20,
1929,Maryland,NA,
1929,Michigan,54758,
1929,Montana,163711,
1929,Nevada,35177,
1929,New Mexico,NA,
1929,North Carolina,NA,
1929,Oregon,245,
1929,South Dakota,316837,
1929,Tennessee,565,
1929,Texas,1279,
1929,Utah,240420,
1929,Vermont,NA,
1929,Virginia,NA,
1929,Washington,3720,
1929,Wyoming,48,
1930,Alabama,22,
1930,Alaska,408983,
1930,Arizona,169390,
1930,California,457200,
1930,Colorado,218540,
1930,Georgia,203,
1930,Idaho,21,
1930,Maryland,NA,
1930,Michigan,43489,
1930,Montana,149064,
1930,Nevada,32370,
1930,New Mexico,NA,
1930,North Carolina,NA,
1930,Oregon,705,
1930,South Dakota,407221,
1930,Tennessee,696,
1930,Texas,177,
1930,Utah,208455,
1930,Vermont,NA,
1930,Virginia,NA,
1930,Washington,4245,
1930,Wyoming,443,
1931,Alabama,20,
1931,Alaska,459000,
1931,Arizona,126186,
1931,California,523135,
1931,Colorado,233300,
1931,Georgia,88,
1931,Idaho,18,
1931,Maryland,NA,
1931,Michigan,40116,
1931,Montana,142306,
1931,Nevada,31161,
1931,New Mexico,NA,
1931,North Carolina,NA,
1931,Oregon,368,
1931,South Dakota,432075,
1931,Tennessee,403,
1931,Texas,NA,
1931,Utah,198740,
1931,Vermont,NA,
1931,Virginia,NA,
1931,Washington,2904,
1931,Wyoming,56,
1932,Alabama,69,
1932,Alaska,493860,
1932,Arizona,66790,
1932,California,569167,
1932,Colorado,317928,
1932,Georgia,279,
1932,Idaho,46,
1932,Maryland,NA,
1932,Michigan,40116,
1932,Montana,129720,
1932,Nevada,23208,
1932,New Mexico,NA,
1932,North Carolina,NA,
1932,Oregon,367,
1932,South Dakota,480338,
1932,Tennessee,160,
1932,Texas,9,
1932,Utah,135256,
1932,Vermont,NA,
1932,Virginia,NA,
1932,Washington,5083,
1932,Wyoming,257,
1933,Alabama,4,
1933,Alaska,469286,
1933,Arizona,79993,
1933,California,613579,
1933,Colorado,242828,
1933,Georgia,558,
1933,Idaho,64,
1933,Maryland,14,
1933,Michigan,577822,
1933,Montana,98590,822
1933,Nevada,725,
1933,New Mexico,NA,
1933,North Carolina,NA,
1933,Oregon,20240,
1933,South Dakota,512404,
1933,Tennessee,223,
1933,Texas,NA,
1933,Utah,109130,
1933,Vermont,NA,
1933,Virginia,NA,
1933,Washington,4563,
1933,Wyoming,2200,
1934,Alabama,2781,
1934,Alaska,537281,
1934,Arizona,167024,
1934,California,719064,
1934,Colorado,324923,
1934,Georgia,970,
1934,Idaho,84,
1934,Maryland,NA,
1934,Michigan,997446,
1934,Montana,144275,
1934,Nevada,27307,
1934,New Mexico,NA,
1934,North Carolina,NA,
1934,Oregon,509,
1934,South Dakota,486119,
1934,Tennessee,455,
1934,Texas,359,
1934,Utah,136582,
1934,Vermont,NA,
1934,Virginia,NA,
1934,Washington,8301,
1934,Wyoming,4871,
1935,Alabama,2227,
1935,Alaska,469495,
1935,Arizona,241755,
1935,California,890430,
1935,Colorado,349281,
1935,Georgia,994,
1935,Idaho,83,
1935,Maryland,NA,
1935,Michigan,151088,
1935,Montana,188031,
1935,Nevada,33435,
1935,New Mexico,NA,
1935,North Carolina,NA,
1935,Oregon,2176,
1935,South Dakota,567230,
1935,Tennessee,423,
1935,Texas,518,
1935,Utah,184760,
1935,Vermont,NA,
1935,Virginia,NA,
1935,Washington,9739,
1935,Wyoming,3715,
1936,Alabama,4726,
1936,Alaska,540580,
1936,Arizona,322408,
1936,California,1077442,
1936,Colorado,366607,
1936,Georgia,450,
1936,Idaho,80,
1936,Maryland,668,
1936,Michigan,180209,
1936,Montana,286370,
1936,Nevada,33037,
1936,New Mexico,NA,
1936,North Carolina,NA,
1936,Oregon,2037,
1936,South Dakota,586353,
1936,Tennessee,410,
1936,Texas,613,
1936,Utah,223444,
1936,Vermont,NA,
1936,Virginia,NA,
1936,Washington,12217,
1936,Wyoming,1964,
1937,Alabama,2460,
1937,Alaska,627940,
1937,Arizona,332694,
1937,California,1174578,
1937,Colorado,368905,
1937,Georgia,743,
1937,Idaho,81,
1937,Maryland,1040,
1937,Michigan,202252,
1937,Montana,281332,
1937,Nevada,41171,
1937,New Mexico,NA,
1937,North Carolina,NA,
1937,Oregon,949,
1937,South Dakota,581544,
1937,Tennessee,263,
1937,Texas,562,
1937,Utah,322759,
1937,Vermont,NA,
1937,Virginia,NA,
1937,Washington,36310,
1937,Wyoming,1776,
1938,Alabama,41,
1938,Alaska,662000,
1938,Arizona,305043,
1938,California,1311129,
1938,Colorado,367468,
1938,Georgia,872,
1938,Idaho,103,
1938,Maryland,855,
1938,Michigan,203313,
1938,Montana,296434,
1938,Nevada,43050,
1938,New Mexico,NA,
1938,North Carolina,NA,
1938,Oregon,1878,
1938,South Dakota,594847,
1938,Tennessee,236,
1938,Texas,439,
1938,Utah,200630,
1938,Vermont,NA,
1938,Virginia,NA,
1938,Washington,74175,
1938,Wyoming,798,
1939,Alabama,3,
1939,Alaska,676780,
1939,Arizona,316453,
1939,California,1435264,
1939,Colorado,366852,
1939,Georgia,670,
1939,Idaho,116,
1939,Maryland,72,
1939,Michigan,264173,
1939,Montana,361518,
1939,Nevada,36979,
1939,New Mexico,NA,
1939,North Carolina,NA,
1939,Oregon,495,
1939,South Dakota,618536,
1939,Tennessee,163,
1939,Texas,324,
1939,Utah,277751,
1939,Vermont,NA,
1939,Virginia,NA,
1939,Washington,90420,
1939,Wyoming,583,
1940,Alabama,5,
1940,Alaska,755900,
1940,Arizona,294807,
1940,California,1455671,
1940,Colorado,367336,
1940,Georgia,961,
1940,Idaho,146,
1940,Maryland,NA,
1940,Michigan,272602,
1940,Montana,383933,
1940,Nevada,35943,
1940,New Mexico,NA,
1940,North Carolina,NA,
1940,Oregon,1943,
1940,South Dakota,586662,
1940,Tennessee,173,
1940,Texas,312,
1940,Utah,355494,
1940,Vermont,NA,
1940,Virginia,NA,
1940,Washington,82136,
1940,Wyoming,740,
1941,Alabama,30,
1941,Alaska,692314,
1941,Arizona,315392,
1941,California,1408793,
1941,Colorado,380029,
1941,Georgia,311,
1941,Idaho,149,
1941,Maryland,NA,
1941,Michigan,246475,
1941,Montana,366403,
1941,Nevada,27845,
1941,New Mexico,NA,
1941,North Carolina,NA,
1941,Oregon,3244,
1941,South Dakota,600637,
1941,Tennessee,227,
1941,Texas,306,
1941,Utah,356501,
1941,Vermont,NA,
1941,Virginia,NA,
1941,Washington,84176,
1941,Wyoming,478,
1942,Alabama,1,
1942,Alaska,487657,
1942,Arizona,253651,
1942,California,847997,
1942,Colorado,268627,
1942,Georgia,30,
1942,Idaho,95,
1942,Maryland,NA,
1942,Michigan,146892,
1942,Montana,295112,
1942,Nevada,11961,
1942,New Mexico,NA,
1942,North Carolina,NA,
1942,Oregon,4077,
1942,South Dakota,522098,
1942,Tennessee,159,
1942,Texas,236,
1942,Utah,391544,
1942,Vermont,NA,
1942,Virginia,NA,
1942,Washington,75396,
1942,Wyoming,23,
1943,Alabama,0,
1943,Alaska,99583,
1943,Arizona,171810,
1943,California,148328,
1943,Colorado,137558,
1943,Georgia,12,
1943,Idaho,30,
1943,Maryland,NA,
1943,Michigan,59586,
1943,Montana,144442,
1943,Nevada,5563,
1943,New Mexico,NA,
1943,North Carolina,NA,
1943,Oregon,3131,
1943,South Dakota,106444,
1943,Tennessee,303,
1943,Texas,4,
1943,Utah,390470,
1943,Vermont,NA,
1943,Virginia,NA,
1943,Washington,65244,
1943,Wyoming,NA,
1944,Alabama,0,
1944,Alaska,49296,
1944,Arizona,112162,
1944,California,117373,
1944,Colorado,111455,
1944,Georgia,5,
1944,Idaho,25,
1944,Maryland,NA,
1944,Michigan,50021,
1944,Montana,119056,
1944,Nevada,6918,
1944,New Mexico,NA,
1944,North Carolina,NA,
1944,Oregon,2113,
1944,South Dakota,11621,
1944,Tennessee,222,
1944,Texas,NA,
1944,Utah,344223,
1944,Vermont,NA,
1944,Virginia,NA,
1944,Washington,47277,
1944,Wyoming,20,
1945,Alabama,5,
1945,Alaska,68117,
1945,Arizona,77223,
1945,California,147938,
1945,Colorado,100935,
1945,Georgia,0,
1945,Idaho,17,
1945,Maryland,NA,
1945,Michigan,44597,
1945,Montana,92265,
1945,Nevada,5604,
1945,New Mexico,NA,
1945,North Carolina,NA,
1945,Oregon,4467,
1945,South Dakota,55948,
1945,Tennessee,148,
1945,Texas,9,
1945,Utah,279979,
1945,Vermont,NA,
1945,Virginia,NA,
1945,Washington,57860,
1945,Wyoming,2,
1946,Alabama,1,
1946,Alaska,226781,
1946,Arizona,79024,
1946,California,356824,
1946,Colorado,142613,
1946,Georgia,21,
1946,Idaho,42,
1946,Maryland,NA,
1946,Michigan,70507,
1946,Montana,90680,
1946,Nevada,4009,
1946,New Mexico,NA,
1946,North Carolina,NA,
1946,Oregon,17598,
1946,South Dakota,312247,
1946,Tennessee,95,
1946,Texas,45,
1946,Utah,178533,
1946,Vermont,NA,
1946,Virginia,NA,
1946,Washington,51168,
1946,Wyoming,105,
1947,Alabama,0,
1947,Alaska,279988,
1947,Arizona,95860,
1947,California,431415,
1947,Colorado,168279,
1947,Georgia,76,
1947,Idaho,64,
1947,Maryland,NA,
1947,Michigan,90124,
1947,Montana,89063,
1947,Nevada,3146,
1947,New Mexico,NA,
1947,North Carolina,NA,
1947,Oregon,18197,
1947,South Dakota,407194,
1947,Tennessee,303,
1947,Texas,57,
1947,Utah,421662,
1947,Vermont,NA,
1947,Virginia,NA,
1947,Washington,34965,
1947,Wyoming,1486,
1948,Alabama,0,
1948,Alaska,248395,
1948,Arizona,109487,
1948,California,428473,
1948,Colorado,154802,
1948,Georgia,19,
1948,Idaho,58,
1948,Maryland,NA,
1948,Michigan,73091,
1948,Montana,111532,
1948,Nevada,3414,
1948,New Mexico,NA,
1948,North Carolina,NA,
1948,Oregon,14611,
1948,South Dakota,377850,
1948,Tennessee,156,
1948,Texas,40,
1948,Utah,368422,
1948,Vermont,NA,
1948,Virginia,NA,
1948,Washington,70075,
1948,Wyoming,115,
1949,Alabama,0,
1949,Alaska,229416,
1949,Arizona,108993,
1949,California,417231,
1949,Colorado,102618,
1949,Georgia,18,
1949,Idaho,77,
1949,Maryland,NA,
1949,Michigan,52724,
1949,Montana,130399,
1949,Nevada,3249,
1949,New Mexico,NA,
1949,North Carolina,NA,
1949,Oregon,1316,
1949,South Dakota,464650,
1949,Tennessee,171,
1949,Texas,49,
1949,Utah,314058,
1949,Vermont,NA,
1949,Virginia,NA,
1949,Washington,71994,
1949,Wyoming,389,
1950,Alabama,0,
1950,Alaska,289285,
1950,Arizona,118313,
1950,California,412118,
1950,Colorado,130390,
1950,Georgia,0,
1950,Idaho,79,
1950,Maryland,20,
1950,Michigan,51764,
1950,Montana,178447,
1950,Nevada,3414,
1950,New Mexico,NA,
1950,North Carolina,NA,
1950,Oregon,11058,
1950,South Dakota,567996,
1950,Tennessee,160,
1950,Texas,32,
1950,Utah,457551,
1950,Vermont,NA,
1950,Virginia,NA,
1950,Washington,92117,
1950,Wyoming,NA,
1951,Alabama,NA,
1951,Alaska,239628,
1951,Arizona,116093,
1951,California,339732,
1951,Colorado,116503,
1951,Georgia,3,
1951,Idaho,45,
1951,Maryland,1,
1951,Michigan,30502,
1951,Montana,121036,
1951,Nevada,3959,
1951,New Mexico,NA,
1951,North Carolina,NA,
1951,Oregon,7927,
1951,South Dakota,458101,
1951,Tennessee,108,
1951,Texas,39,
1951,Utah,432216,
1951,Vermont,NA,
1951,Virginia,NA,
1951,Washington,67405,
1951,Wyoming,9,
1952,Alabama,NA,
1952,Alaska,240571,
1952,Arizona,112355,
1952,California,258176,
1952,Colorado,124594,
1952,Georgia,0,
1952,Idaho,32,
1952,Maryland,NA,
1952,Michigan,24161,
1952,Montana,117203,
1952,Nevada,2949,
1952,New Mexico,NA,
1952,North Carolina,NA,
1952,Oregon,5091,
1952,South Dakota,482534,
1952,Tennessee,241,
1952,Texas,NA,
1952,Utah,435507,
1952,Vermont,NA,
1952,Virginia,NA,
1952,Washington,54776,
1952,Wyoming,1,
1953,Alabama,NA,
1953,Alaska,253771,
1953,Arizona,112824,
1953,California,234591,
1953,Colorado,119218,
1953,Georgia,2,
1953,Idaho,17,
1953,Maryland,NA,
1953,Michigan,24768,
1953,Montana,101799,
1953,Nevada,2614,
1953,New Mexico,NA,
1953,North Carolina,NA,
1953,Oregon,8488,
1953,South Dakota,534987,
1953,Tennessee,293,
1953,Texas,NA,
1953,Utah,483430,
1953,Vermont,NA,
1953,Virginia,NA,
1953,Washington,62560,
1953,Wyoming,1,
1954,Alabama,NA,
1954,Alaska,248511,
1954,Arizona,114809,
1954,California,237888,
1954,Colorado,96146,
1954,Georgia,0,
1954,Idaho,13,
1954,Maryland,NA,
1954,Michigan,23660,
1954,Montana,79067,
1954,Nevada,3539,
1954,New Mexico,NA,
1954,North Carolina,NA,
1954,Oregon,9214,
1954,South Dakota,541445,
1954,Tennessee,218,
1954,Texas,NA,
1954,Utah,403401,
1954,Vermont,NA,
1954,Virginia,NA,
1954,Washington,66740,
1954,Wyoming,407,
1955,Alabama,NA,
1955,Alaska,249294,
1955,Arizona,127616,
1955,California,251737,
1955,Colorado,88577,
1955,Georgia,NA,
1955,Idaho,10,
1955,Maryland,NA,
1955,Michigan,28123,
1955,Montana,72913,
1955,Nevada,1917,
1955,New Mexico,NA,
1955,North Carolina,NA,
1955,Oregon,1901,
1955,South Dakota,529865,
1955,Tennessee,221,
1955,Texas,NA,
1955,Utah,441206,
1955,Vermont,NA,
1955,Virginia,NA,
1955,Washington,74360,
1955,Wyoming,52,
1956,Alabama,NA,
1956,Alaska,204300,
1956,Arizona,146110,
1956,California,193816,
1956,Colorado,97668,
1956,Georgia,2,
1956,Idaho,9,
1956,Maryland,NA,
1956,Michigan,38121,
1956,Montana,68040,
1956,Nevada,3275,
1956,New Mexico,NA,
1956,North Carolina,NA,
1956,Oregon,8822,
1956,South Dakota,568523,
1956,Tennessee,189,
1956,Texas,NA,
1956,Utah,416031,
1956,Vermont,NA,
1956,Virginia,NA,
1956,Washington,70669,
1956,Wyoming,762,
1957,Alabama,NA,
1957,Alaska,215467,
1957,Arizona,152449,
1957,California,170885,
1957,Colorado,87928,
1957,Georgia,NA,
1957,Idaho,12,
1957,Maryland,NA,
1957,Michigan,32766,
1957,Montana,76752,
1957,Nevada,3212,
1957,New Mexico,NA,
1957,North Carolina,NA,
1957,Oregon,1373,
1957,South Dakota,568130,
1957,Tennessee,172,
1957,Texas,NA,
1957,Utah,378438,
1957,Vermont,NA,
1957,Virginia,NA,
1957,Washington,88108,
1957,Wyoming,573,
1958,Alabama,NA,
1958,Alaska,186000,
1958,Arizona,142979,
1958,California,185400,
1958,Colorado,79539,
1958,Georgia,NA,
1958,Idaho,15,
1958,Maryland,NA,
1958,Michigan,26003,
1958,Montana,105087,
1958,Nevada,3378,
1958,New Mexico,NA,
1958,North Carolina,NA,
1958,Oregon,8788,
1958,South Dakota,570830,
1958,Tennessee,124,
1958,Texas,NA,
1958,Utah,307824,
1958,Vermont,NA,
1958,Virginia,NA,
1958,Washington,111753,
1958,Wyoming,117,
1959,Alabama,NA,
1959,Alaska,171000,
1959,Arizona,124627,
1959,California,146141,
1959,Colorado,61097,
1959,Georgia,NA,
1959,Idaho,10,
1959,Maryland,NA,
1959,Michigan,28551,
1959,Montana,113443,
1959,Nevada,3155,
1959,New Mexico,NA,
1959,North Carolina,NA,
1959,Oregon,965,
1959,South Dakota,577730,
1959,Tennessee,99,
1959,Texas,NA,
1959,Utah,239517,
1959,Vermont,NA,
1959,Virginia,NA,
1959,Washington,116794,
1959,Wyoming,NA,
1960,Alabama,NA,
1960,Alaska,180000,
1960,Arizona,143064,
1960,California,123713,
1960,Colorado,61269,
1960,Georgia,NA,
1960,Idaho,6,
1960,Maryland,NA,
1960,Michigan,45922,
1960,Montana,58187,
1960,Nevada,5423,
1960,New Mexico,NA,
1960,North Carolina,NA,
1960,Oregon,3182,
1960,South Dakota,554771,
1960,Tennessee,123,
1960,Texas,NA,
1960,Utah,368255,
1960,Vermont,NA,
1960,Virginia,NA,
1960,Washington,127412,
1960,Wyoming,401,
1961,Alabama,NA,
1961,Alaska,114228,
1961,Arizona,145959,
1961,California,97648,
1961,Colorado,67515,
1961,Georgia,NA,
1961,Idaho,5,
1961,Maryland,NA,
1961,Michigan,35377,
1961,Montana,54165,
1961,Nevada,6201,
1961,New Mexico,NA,
1961,North Carolina,NA,
1961,Oregon,2094,
1961,South Dakota,557855,
1961,Tennessee,152,
1961,Texas,NA,
1961,Utah,342988,
1961,Vermont,NA,
1961,Virginia,NA,
1961,Washington,115731,
1961,Wyoming,NA,
1962,Alabama,NA,
1962,Alaska,165142,
1962,Arizona,137207,
1962,California,106272,
1962,Colorado,48882,
1962,Georgia,NA,
1962,Idaho,5,
1962,Maryland,NA,
1962,Michigan,24387,
1962,Montana,62863,
1962,Nevada,7529,
1962,New Mexico,NA,
1962,North Carolina,NA,
1962,Oregon,469,
1962,South Dakota,577232,
1962,Tennessee,158,
1962,Texas,NA,
1962,Utah,311924,
1962,Vermont,NA,
1962,Virginia,NA,
1962,Washington,92071,
1962,Wyoming,NA,
1963,Alabama,NA,
1963,Alaska,99000,
1963,Arizona,140030,
1963,California,86867,
1963,Colorado,33605,
1963,Georgia,NA,
1963,Idaho,5,
1963,Maryland,NA,
1963,Michigan,18520,
1963,Montana,98879,
1963,Nevada,7805,
1963,New Mexico,NA,
1963,North Carolina,NA,
1963,Oregon,331,
1963,South Dakota,576726,
1963,Tennessee,137,
1963,Texas,NA,
1963,Utah,285907,
1963,Vermont,NA,
1963,Virginia,NA,
1963,Washington,97038,
1963,Wyoming,4,
1964,Alabama,NA,
1964,Alaska,58000,
1964,Arizona,153676,
1964,California,71028,
1964,Colorado,42122,
1964,Georgia,NA,
1964,Idaho,5,
1964,Maryland,NA,
1964,Michigan,29115,
1964,Montana,90469,
1964,Nevada,6110,
1964,New Mexico,NA,
1964,North Carolina,NA,
1964,Oregon,NA,
1964,South Dakota,616913,
1964,Tennessee,133,
1964,Texas,NA,
1964,Utah,287674,
1964,Vermont,NA,
1964,Virginia,NA,
1964,Washington,92708,
1964,Wyoming,6,
1965,Alabama,NA,
1965,Alaska,43000,
1965,Arizona,150431,
1965,California,62885,
1965,Colorado,37228,
1965,Georgia,NA,
1965,Idaho,5,
1965,Maryland,NA,
1965,Michigan,22772,
1965,Montana,229050,
1965,Nevada,964,
1965,New Mexico,NA,
1965,North Carolina,NA,
1965,Oregon,NA,
1965,South Dakota,628259,
1965,Tennessee,122,
1965,Texas,NA,
1965,Utah,426299,
1965,Vermont,NA,
1965,Virginia,NA,
1965,Washington,89074,
1965,Wyoming,3,
1966,Alabama,NA,
1966,Alaska,27325,
1966,Arizona,142528,
1966,California,64764,
1966,Colorado,31915,
1966,Georgia,NA,
1966,Idaho,5,
1966,Maryland,NA,
1966,Michigan,25009,
1966,Montana,366903,
1966,Nevada,9295,
1966,New Mexico,NA,
1966,North Carolina,NA,
1966,Oregon,NA,
1966,South Dakota,606467,
1966,Tennessee,141,
1966,Texas,NA,
1966,Utah,438736,
1966,Vermont,NA,
1966,Virginia,NA,
1966,Washington,83400,
1966,Wyoming,NA,
1967,Alabama,NA,
1967,Alaska,22948,
1967,Arizona,80844,
1967,California,40570,
1967,Colorado,21181,
1967,Georgia,NA,
1967,Idaho,4,
1967,Maryland,NA,
1967,Michigan,9786,
1967,Montana,434993,
1967,Nevada,5188,
1967,New Mexico,NA,
1967,North Carolina,NA,
1967,Oregon,NA,
1967,South Dakota,601785,
1967,Tennessee,181,
1967,Texas,NA,
1967,Utah,288350,
1967,Vermont,NA,
1967,Virginia,NA,
1967,Washington,71737,
1967,Wyoming,NA,
1968,Alabama,NA,
1968,Alaska,21000,
1968,Arizona,95999,
1968,California,15682,
1968,Colorado,22638,
1968,Georgia,NA,
1968,Idaho,3,
1968,Maryland,NA,
1968,Michigan,12799,
1968,Montana,317382,
1968,Nevada,6630,
1968,New Mexico,NA,
1968,North Carolina,NA,
1968,Oregon,NA,
1968,South Dakota,593052,
1968,Tennessee,140,
1968,Texas,NA,
1968,Utah,334419,
1968,Vermont,NA,
1968,Virginia,NA,
1968,Washington,52853,
1968,Wyoming,NA,
1969,Alabama,NA,
1969,Alaska,21227,
1969,Arizona,110878,
1969,California,7904,
1969,Colorado,25777,
1969,Georgia,NA,
1969,Idaho,3,
1969,Maryland,NA,
1969,Michigan,24189,
1969,Montana,456294,
1969,Nevada,8952,
1969,New Mexico,NA,
1969,North Carolina,NA,
1969,Oregon,NA,
1969,South Dakota,593146,
1969,Tennessee,126,
1969,Texas,NA,
1969,Utah,433385,
1969,Vermont,NA,
1969,Virginia,NA,
1969,Washington,45400,
1969,Wyoming,NA,
1970,Alabama,NA,
1970,Alaska,38400,
1970,Arizona,109853,
1970,California,4999,
1970,Colorado,37114,
1970,Georgia,NA,
1970,Idaho,3,
1970,Maryland,NA,
1970,Michigan,22456,
1970,Montana,480144,
1970,Nevada,8719,
1970,New Mexico,NA,
1970,North Carolina,NA,
1970,Oregon,NA,
1970,South Dakota,578716,
1970,Tennessee,124,
1970,Texas,NA,
1970,Utah,408029,
1970,Vermont,NA,
1970,Virginia,NA,
1970,Washington,53400,
1970,Wyoming,NA,
1971,Alabama,NA,
1971,Alaska,34000,
1971,Arizona,94038,
1971,California,2966,
1971,Colorado,42031,
1971,Georgia,NA,
1971,Idaho,3,
1971,Maryland,NA,
1971,Michigan,15613,
1971,Montana,374878,
1971,Nevada,10681,
1971,New Mexico,NA,
1971,North Carolina,NA,
1971,Oregon,NA,
1971,South Dakota,513427,
1971,Tennessee,192,
1971,Texas,NA,
1971,Utah,368996,
1971,Vermont,NA,
1971,Virginia,NA,
1971,Washington,53834,
1971,Wyoming,NA,
1972,Alabama,NA,
1972,Alaska,8639,
1972,Arizona,102996,
1972,California,3974,
1972,Colorado,61100,
1972,Georgia,NA,
1972,Idaho,2,
1972,Maryland,NA,
1972,Michigan,23725,
1972,Montana,419748,
1972,Nevada,14897,
1972,New Mexico,NA,
1972,North Carolina,NA,
1972,Oregon,NA,
1972,South Dakota,407430,
1972,Tennessee,176,
1972,Texas,NA,
1972,Utah,362413,
1972,Vermont,NA,
1972,Virginia,NA,
1972,Washington,41600,
1972,Wyoming,NA,
1973,Alabama,NA,
1973,Alaska,15000,
1973,Arizona,102848,
1973,California,3647,
1973,Colorado,63422,
1973,Georgia,NA,
1973,Idaho,2,
1973,Maryland,NA,
1973,Michigan,27806,
1973,Montana,260437,
1973,Nevada,13864,
1973,New Mexico,NA,
1973,North Carolina,NA,
1973,Oregon,NA,
1973,South Dakota,357575,
1973,Tennessee,68,
1973,Texas,NA,
1973,Utah,307080,
1973,Vermont,NA,
1973,Virginia,NA,
1973,Washington,27600,
1973,Wyoming,NA,
1974,Alabama,NA,
1974,Alaska,16000,
1974,Arizona,90586,
1974,California,5049,
1974,Colorado,52083,
1974,Georgia,NA,
1974,Idaho,2,
1974,Maryland,NA,
1974,Michigan,28268,
1974,Montana,298754,
1974,Nevada,15427,
1974,New Mexico,NA,
1974,North Carolina,NA,
1974,Oregon,NA,
1974,South Dakota,343723,
1974,Tennessee,18,
1974,Texas,NA,
1974,Utah,254909,
1974,Vermont,NA,
1974,Virginia,NA,
1974,Washington,25000,
1974,Wyoming,NA,
1975,Alabama,NA,
1975,Alaska,14980,
1975,Arizona,85790,
1975,California,9606,
1975,Colorado,55483,
1975,Georgia,NA,
1975,Idaho,2,
1975,Maryland,NA,
1975,Michigan,17259,
1975,Montana,332814,
1975,Nevada,15049,
1975,New Mexico,NA,
1975,North Carolina,NA,
1975,Oregon,NA,
1975,South Dakota,304935,
1975,Tennessee,NA,
1975,Texas,NA,
1975,Utah,189620,
1975,Vermont,NA,
1975,Virginia,NA,
1975,Washington,22600,
1975,Wyoming,NA,
1976,Alabama,NA,
1976,Alaska,22887,
1976,Arizona,102062,
1976,California,10392,
1976,Colorado,50764,
1976,Georgia,NA,
1976,Idaho,2,
1976,Maryland,NA,
1976,Michigan,24075,
1976,Montana,287962,
1976,Nevada,15198,
1976,New Mexico,NA,
1976,North Carolina,NA,
1976,Oregon,NA,
1976,South Dakota,318511,
1976,Tennessee,NA,
1976,Texas,NA,
1976,Utah,187318,
1976,Vermont,NA,
1976,Virginia,NA,
1976,Washington,24500,
1976,Wyoming,NA,
1977,Alabama,NA,
1977,Alaska,50000,
1977,Arizona,90167,
1977,California,5704,
1977,Colorado,72668,
1977,Georgia,NA,
1977,Idaho,12,
1977,Maryland,NA,
1977,Michigan,22348,
1977,Montana,324003,
1977,Nevada,13560,
1977,New Mexico,NA,
1977,North Carolina,NA,
1977,Oregon,NA,
1977,South Dakota,304846,
1977,Tennessee,13,
1977,Texas,NA,
1977,Utah,210501,
1977,Vermont,NA,
1977,Virginia,NA,
1977,Washington,24006,
1977,Wyoming,NA,
1978,Alabama,NA,
1978,Alaska,60000,
1978,Arizona,92989,
1978,California,7480,
1978,Colorado,32094,
1978,Georgia,NA,
1978,Idaho,20,
1978,Maryland,NA,
1978,Michigan,19967,
1978,Montana,260895,
1978,Nevada,9879,
1978,New Mexico,NA,
1978,North Carolina,NA,
1978,Oregon,NA,
1978,South Dakota,285512,
1978,Tennessee,NA,
1978,Texas,NA,
1978,Utah,235929,
1978,Vermont,NA,
1978,Virginia,NA,
1978,Washington,20000,
1978,Wyoming,NA,
1979,Alabama,NA,
1979,Alaska,65000,
1979,Arizona,101840,
1979,California,5010,
1979,Colorado,13850,
1979,Georgia,NA,
1979,Idaho,24,
1979,Maryland,NA,
1979,Michigan,24050,
1979,Montana,250097,
1979,Nevada,22976,
1979,New Mexico,NA,
1979,North Carolina,NA,
1979,Oregon,NA,
1979,South Dakota,245912,
1979,Tennessee,NA,
1979,Texas,NA,
1979,Utah,260916,
1979,Vermont,NA,
1979,Virginia,NA,
1979,Washington,20000,
1979,Wyoming,NA,
1980,Alabama,NA,
1980,Alaska,75000,
1980,Arizona,79631,
1980,California,4078,
1980,Colorado,39447,
1980,Georgia,NA,
1980,Idaho,22,
1980,Maryland,NA,
1980,Michigan,48366,
1980,Montana,278495,
1980,Nevada,15847,
1980,New Mexico,NA,
1980,North Carolina,NA,
1980,Oregon,14268,
1980,South Dakota,267642,
1980,Tennessee,NA,
1980,Texas,NA,
1980,Utah,179538,
1980,Vermont,NA,
1980,Virginia,NA,
1980,Washington,40000,
1980,Wyoming,200,
1981,Alabama,NA,
1981,Alaska,134200,
1981,Arizona,100339,
1981,California,6271,
1981,Colorado,51069,
1981,Georgia,NA,
1981,Idaho,29,
1981,Maryland,NA,
1981,Michigan,54267,
1981,Montana,524802,
1981,Nevada,65749,
1981,New Mexico,NA,
1981,North Carolina,NA,
1981,Oregon,10405,
1981,South Dakota,278162,
1981,Tennessee,NA,
1981,Texas,NA,
1981,Utah,227706,
1981,Vermont,NA,
1981,Virginia,NA,
1981,Washington,40000,
1981,Wyoming,200,
1982,Alabama,NA,
1982,Alaska,175000,
1982,Arizona,61050,
1982,California,10547,
1982,Colorado,64584,
1982,Georgia,NA,
1982,Idaho,35,
1982,Maryland,NA,
1982,Michigan,75171,
1982,Montana,757099,
1982,Nevada,54000,
1982,New Mexico,NA,
1982,North Carolina,NA,
1982,Oregon,NA,
1982,South Dakota,185038,
1982,Tennessee,NA,
1982,Texas,NA,
1982,Utah,174940,
1982,Vermont,NA,
1982,Virginia,NA,
1982,Washington,60000,
1982,Wyoming,200,
1983,Alabama,NA,
1983,Alaska,169000,
1983,Arizona,61991,
1983,California,38443,
1983,Colorado,63063,
1983,Georgia,NA,
1983,Idaho,62,
1983,Maryland,NA,
1983,Michigan,161436,
1983,Montana,960657,
1983,Nevada,49297,
1983,New Mexico,NA,
1983,North Carolina,NA,
1983,Oregon,NA,
1983,South Dakota,309784,
1983,Tennessee,NA,
1983,Texas,NA,
1983,Utah,238459,
1983,Vermont,NA,
1983,Virginia,NA,
1983,Washington,80000,
1983,Wyoming,200,
1984,Alabama,NA,
1984,Alaska,175000,
1984,Arizona,54897,
1984,California,85858,
1984,Colorado,60010,
1984,Georgia,NA,
1984,Idaho,45,
1984,Maryland,NA,
1984,Michigan,181190,
1984,Montana,1020546,
1984,Nevada,57933,
1984,New Mexico,NA,
1984,North Carolina,NA,
1984,Oregon,2460,
1984,South Dakota,310527,
1984,Tennessee,NA,
1984,Texas,NA,
1984,Utah,200000,
1984,Vermont,NA,
1984,Virginia,NA,
1984,Washington,100000,
1984,Wyoming,100,
1985,Alabama,NA,
1985,Alaska,190000,
1985,Arizona,52053,
1985,California,187813,
1985,Colorado,43301,
1985,Georgia,NA,
1985,Idaho,44,
1985,Maryland,NA,
1985,Michigan,4945,
1985,Montana,160262,
1985,Nevada,1276114,
1985,New Mexico,NA,
1985,North Carolina,NA,
1985,Oregon,45045,
1985,South Dakota,356103,
1985,Tennessee,NA,
1985,Texas,NA,
1985,Utah,135489,
1985,Vermont,NA,
1985,Virginia,NA,
1985,Washington,140000,
1985,Wyoming,100,
1986,Alabama,NA,
1986,Alaska,160000,
1986,Arizona,55000,
1986,California,425617,
1986,Colorado,120347,
1986,Georgia,NA,
1986,Idaho,70,
1986,Maryland,NA,
1986,Michigan,46255,
1986,Montana,190000,
1986,Nevada,2100440,
1986,New Mexico,NA,
1986,North Carolina,NA,
1986,Oregon,39856,
1986,South Dakota,387000,
1986,Tennessee,NA,
1986,Texas,NA,
1986,Utah,111807,
1986,Vermont,NA,
1986,Virginia,NA,
1986,Washington,154000,
1986,Wyoming,100,
1987,Alabama,NA,
1987,Alaska,229707,
1987,Arizona,57583,
1987,California,602719,
1987,Colorado,178795,
1987,Georgia,NA,
1987,Idaho,97,
1987,Maryland,NA,
1987,Michigan,42924,
1987,Montana,229656,
1987,Nevada,2679581,
1987,New Mexico,NA,
1987,North Carolina,NA,
1987,Oregon,14443,
1987,South Dakota,418000,
1987,Tennessee,NA,
1987,Texas,NA,
1987,Utah,300000,
1987,Vermont,NA,
1987,Virginia,NA,
1987,Washington,210000,
1987,Wyoming,100,
1988,Alabama,NA,
1988,Alaska,265500,
1988,Arizona,146256,
1988,California,721538,
1988,Colorado,164807,
1988,Georgia,NA,
1988,Idaho,103,
1988,Maryland,NA,
1988,Michigan,43384,
1988,Montana,294988,
1988,Nevada,3675594,
1988,New Mexico,NA,
1988,North Carolina,NA,
1988,Oregon,46294,
1988,South Dakota,449514,
1988,Tennessee,NA,
1988,Texas,NA,
1988,Utah,399061,
1988,Vermont,NA,
1988,Virginia,NA,
1988,Washington,230000,
1988,Wyoming,100,
1989,Alabama,NA,
1989,Alaska,284617,
1989,Arizona,88995,
1989,California,958236,
1989,Colorado,110857,
1989,Georgia,NA,
1989,Idaho,98,
1989,Maryland,NA,
1989,Michigan,33287,
1989,Montana,399769,
1989,Nevada,4951130,
1989,New Mexico,NA,
1989,North Carolina,NA,
1989,Oregon,34594,
1989,South Dakota,518374,
1989,Tennessee,NA,
1989,Texas,NA,
1989,Utah,662476,
1989,Vermont,NA,
1989,Virginia,NA,
1989,Washington,222400,
1989,Wyoming,100,
1990,Alabama,NA,
1990,Alaska,231700,
1990,Arizona,160756,
1990,California,951902,
1990,Colorado,75170,
1990,Georgia,NA,
1990,Idaho,93,
1990,Maryland,NA,
1990,Michigan,418352,
1990,Montana,5676333,
1990,Nevada,25879,
1990,New Mexico,NA,
1990,North Carolina,NA,
1990,Oregon,NA,
1990,South Dakota,570648,
1990,Tennessee,NA,
1990,Texas,NA,
1990,Utah,737839,
1990,Vermont,NA,
1990,Virginia,NA,
1990,Washington,320000,
1990,Wyoming,300,
1991,Alabama,NA,
1991,Alaska,243900,
1991,Arizona,66489,
1991,California,960438,
1991,Colorado,102273,
1991,Georgia,NA,
1991,Idaho,107,
1991,Maryland,NA,
1991,Michigan,490951,
1991,Montana,5700801,
1991,Nevada,32923,
1991,New Mexico,NA,
1991,North Carolina,NA,
1991,Oregon,NA,
1991,South Dakota,525479,
1991,Tennessee,NA,
1991,Texas,NA,
1991,Utah,765360,
1991,Vermont,NA,
1991,Virginia,NA,
1991,Washington,330000,
1991,Wyoming,300,
1992,Alabama,NA,
1992,Alaska,262530,
1992,Arizona,213997,
1992,California,1071762,
1992,Colorado,120985,
1992,Georgia,NA,
1992,Idaho,129,
1992,Maryland,NA,
1992,Michigan,449921,
1992,Montana,6531958,
1992,Nevada,28778,
1992,New Mexico,NA,
1992,North Carolina,NA,
1992,Oregon,NA,
1992,South Dakota,600519,
1992,Tennessee,NA,
1992,Texas,NA,
1992,Utah,845000,
1992,Vermont,NA,
1992,Virginia,NA,
1992,Washington,275500,
1992,Wyoming,300,
1993,Alabama,NA,
1993,Alaska,191265,
1993,Arizona,87130,
1993,California,1149805,
1993,Colorado,149000,
1993,Georgia,NA,
1993,Idaho,113,
1993,Maryland,NA,
1993,Michigan,459763,
1993,Montana,6783911,
1993,Nevada,30689,
1993,New Mexico,NA,
1993,North Carolina,NA,
1993,Oregon,2021,
1993,South Dakota,604787,
1993,Tennessee,NA,
1993,Texas,NA,
1993,Utah,769745,
1993,Vermont,NA,
1993,Virginia,NA,
1993,Washington,228500,
1993,Wyoming,300,
1994,Alabama,NA,
1994,Alaska,182100,
1994,Arizona,63659,
1994,California,966997,
1994,Colorado,145000,
1994,Georgia,NA,
1994,Idaho,178,
1994,Maryland,NA,
1994,Michigan,405106,
1994,Montana,6880365,
1994,Nevada,27000,
1994,New Mexico,NA,
1994,North Carolina,NA,
1994,Oregon,NA,
1994,South Dakota,556398,
1994,Tennessee,NA,
1994,Texas,NA,
1994,Utah,762000,
1994,Vermont,NA,
1994,Virginia,NA,
1994,Washington,231200,
1994,Wyoming,300,
1995,Alabama,NA,
1995,Alaska,141882,
1995,Arizona,62373,
1995,California,949603,
1995,Colorado,165000,
1995,Georgia,NA,
1995,Idaho,300,
1995,Maryland,NA,
1995,Michigan,395460,
1995,Montana,6751760,
1995,Nevada,27000,
1995,New Mexico,NA,
1995,North Carolina,NA,
1995,Oregon,NA,
1995,South Dakota,559055,
1995,Tennessee,NA,
1995,Texas,NA,
1995,Utah,752000,
1995,Vermont,NA,
1995,Virginia,NA,
1995,Washington,106500,
1995,Wyoming,300,
1995,Wyoming,300,
